content,stance
"Isso n√£o quer dizer que o medicamento seja eficaz. Pelo contr√°rio, os estudos continuam e est√£o comprovando a inefic√°cia dele!",Negativo
Quantas vidas n foram perdidas,Negativo
Reino unido j√° parou de perder tempo com isso: https://www.cnnbrasil.com.br/saude/2020/06/06/hidroxicloroquina-nao-mostra-beneficios-e-reino-unido-cancela-testes Hidroxicloroquina n√£o mostra benef√≠cios e Reino Unido cancela testes CNNBRASIL.COM.BR Hidroxicloroquina n√£o mostra benef√≠cios e Reino Unido cancela testes Hidroxicloroquina n√£o mostra benef√≠cios e Reino Unido cancela testes,Negativo
"O cara √© um g√™nio, enxerga longe. At√© a OMS est√° dando raz√£o ao Bolsonaro. https://g1.globo.com/bemestar/coronavirus/noticia/2020/06/03/oms-anuncia-que-vai-retomar-testes-com-hidroxicloroquina-para-covid-19.ghtml  OMS anuncia que vai retomar testes com hidroxicloroquina para Covid-19 G1.GLOBO.COM OMS anuncia que vai retomar testes com hidroxicloroquina para Covid-19 OMS anuncia que vai retomar testes com hidroxicloroquina para Covid-19",Positivo
o retorno dos testes n√£o quer dizer o comprovar√° a efic√°cia! Existem v√°rios estudos n√£o recomendando o uso desse medicamento!,Positivo
como assim? Se a ci√™ncia at√© se desculpou?,Neutro
vc n√£o t√° vendo sua essa desgra√ßa √© Fake? √â rob√¥,Positivo
s√≥ imbecil troca ideia com rob√¥ kkkkkk,Positivo
mesmo assim! Existem outros estudos que apontam que a cloroquina/ hidroxicloroquina n√£o √© eficaz para o tratamento da covid-19!,Negativo
concordo com vc.,Negativo
Sempre tem um bolsominion pedindo por favor para passar vergonha.,Positivo
Piadakkkk,Neutro
Ele √© cientista agora? N√£o tava sabendo n√£o.,Negativo
Acho que esse cara n√£o sabe ler...  ü§î,Neutro
"A imagem pode conter: texto que diz ""N 22:45 facebook TRUMP PREV√ä MORTE5 MIL BRASILE EIROS PORDIA, POR SEAFASTA R√ÅPIDO R√ÅPIDO DE SEU ""MUY AMIGO"" MONSTRONARO Estudo governo dos EUA sobrea evolu√ß√£o casos coronav√≠rus mundo aponta um cen√°rio tr√°gico para Brasil, fun√ß√£o das falhas governo Bolsonaro sistema monitoramento prev√™ piora quadro brasileiro projeta at√© ag... Ver mais FOLHA.U Modelo usado mortes di√°rias Casa Branca Branca projeta .000 Covid-19 Brasil ag... Medeiros Curtir 2coment√°rios Comentar Compartilhar""",Negativo
Ser√° por causa desse,Negativo
"A OMS √© assassina!!! Escondeu a gravidade da doen√ßa por muito tempo, falou que n√£o era necess√°rio usar m√°scaras, depois voltou atr√°s... Interrompeu as pesquisas com a cloroquina e voltou atr√°s... Nessas idas e vindas muitos morreram por falta de tratam‚Ä¶Ver mais",Positivo
"ONU n√£o, OMS!",Neutro
Sabe nem de quem ta falando kkkkkkkkkk,Neutro
Que???? A√≠ a√≠,Neutro
Kkkklkk,Neutro
ü§î,Neutro
Vamo rir do gado,Negativo
Pausar GIF Tenor,Neutro
muuuuuuuuuuu,Neutro
Prefiro ser gado do que ser carrapato!,Positivo
muuuuu,Negativo
kkkkkkkkk gado ta fumando capim,Negativo
"Vai l√° doid√£o, segue o mito",Negativo
"Queria ter uma bola de cristal para ver a cara dos anti cloroquina faria em caso positivo de Covid-19, fossem ao m√©dico e o mesmo receitasse dipirona, √°gua e repouso",Positivo
"vou usar uma medica√ß√£o que mal entendo, contrariando uma pessoa que estudou por 10 anos, tudo isso pra mostrar que lambo as bolas do Bolsonaro se for preciso pq qualquer merda que sai da boca dele eu vou l√° e fa√ßo!",Negativo
ja tem outros rem√©dios nao existe so a Cloroquina,Neutro
"N√£o falei de Bolsonaro... Presta aten√ß√£o o canhota... Seguinte, voc√™ deve se achar muito inteligente e bem informada... Ent√£o n√£o preciso te dizer quantos anos o rem√©dio est√° no mercado e que ele √© usado diariamente por pessoas com doen√ßas auto imunes.‚Ä¶Ver mais",Positivo
"e qual o estudo que comprova a efic√°cia do mesmo? Mande fontes amig√£o, refute com provas e n√£o com fakenews de whatsapp!",Negativo
Se informe sobre o Dr. Zelenko... Veja o estudo publicado pelo hospital Prevent s√™nior...,Positivo
Percebo que vc n√£o √© informado. Mais n√£o est√° bom toma TUBAINA √© faz uma salada com capim,Negativo
media1.tenor.co,Neutro
"Estudo Prevent S√™nior: sem comprova√ß√£o da doen√ßa, pacientes tbm tomavam azitromicina. Nada contra que quer tomar, por mim pode at√© morrer se quiser. Fique √† vontade. Beijos.",Negativo
muuuuuu,Negativo
vou te dar o caminho da verdade... Procure se informar sobre o porque o exame RT-PCR foi criado ( qual intuito e como funciona)... Pesquise sobre Exossomos...‚Ä¶Ver mais,Positivo
"ta mas e a efic√°cia comprovada do medicamento, tu tens a√≠ em m√£os? Ou s√≥ tuas teorias j√° basta pra tentar fazer os outros acreditarem?",Negativo
"acorda!!! A revista Lancet publicou um estudo (deve ter rolado muita grana) de que a CLOROQUINA mata mais... Depois que M√âDICOS, CIENTISTAS (n√£o eu que sou um rel√©s contador) questionaram mundo a fora ela vem e se desculpa por falta de ba‚Ä¶Ver mais",Positivo
vc ta acusando um m√©dico de matar pessoas pra comprovar que a cloroquina n√£o √© eficaz contra a covid-19?,Negativo
de maneira nenhuma... Apenas que a dose que ele prescreveu √© para cavalo! Da uma googlada a√≠,Positivo
"Vai l√° e toma, se n√£o morrer de corona morre do cora√ß√£o",Negativo
kkkk,Neutro
Pq o Seu √≠dolo Trump n√£o usa ?,Negativo
Esse jornal n√£o existe √© uma montagem,Neutro
√â sarcasmo n√©? Diz que √© sarcasmo pfv kkkk,Neutro
por que seria? Nosso Presidente √© um g√™nio ... enxerga l√° na frente,Positivo
Reproduzir GIF Tenor,Neutro
"A imagem pode conter: texto que diz ""N√ÉO SEJA BURRO! PARE DE IDOLATRAR POL√çTICOS!""",Neutro
"Procure ajuda psiqui√°trica, vc s√≥ pode ser louco kakaka",Neutro
√© s√≥ ele cloroquinar a fam√≠lia dele mesmo  üòÇ  üòÇ  üòÇ  üòÇ,Positivo
quanto √≥dio no cora√ß√£o minha senhora ... larga esse √≥dio e vem amar nosso Presidente honesto,Positivo
Pois √© kakakaka. Cada louco.,Neutro
Outra piada kakaka,Neutro
"√â sarcasmo, gente, respirem(acho)",Neutro
Pior que n√£o √©... A pastora √© o t√≠pico gado que idolatra pol√≠tico.,Neutro
üòÇ  üòÇ  üòÇ  üòÇ  üòÇ  üòÇ  üòÇ  üòÇ  üòÇ  üòÇ,Neutro
olha esse v√≠deo  ü§£,Neutro
Doutor bolsonaro...  üòÇ  üòÇ  üòÇ  üòÇ ... Passa vergonha n√£o parceiro...,Neutro
"√â normal isso acontecer na ci√™ncia, voltar os testes n√£o significa que o rem√©dio funciona, e sim que os testes precisam ser mais abrangentes.",Neutro
Exatamente isso!,Neutro
"Gente, o pedido de desculpas √© por ter, primeiramente, dado aval ao uso do rem√©dio com base numa pesquisa cheia de falhas e depois ter voltado atr√°s. S√≥ refor√ßa o quanto bolsonaro sempre esteve errado.",Negativo
sim,Neutro
ent√£o porque a OMS voltou a usar? Explique por favor,Neutro
"corrente do zap zap, informa√ß√£o do Facebook, fonte vozes da cabe√ßa?",Neutro
"n√£o voltou a usar, simples.",Negativo
https://www.google.com/amp/s/g1.globo.com/google/amp/bemestar/coronavirus/noticia/2020/06/03/oms-anuncia-que-vai-retomar-testes-com-hidroxicloroquina-para-covid-19.ghtml OMS anuncia que vai retomar testes com hidroxicloroquina para Covid-19 G1.GLOBO.COM OMS anuncia que vai retomar testes com hidroxicloroquina para Covid-19 OMS anuncia que vai retomar testes com hidroxicloroquina para Covid-19,Positivo
t√™m certeza? A senhora est√° bem desinformada hein? Nosso Presidente √© um her√≥i vision√°rio,Positivo
"mo√ßo... vc sabia que testes e pesquisas s√£o diferentes de recomenda√ß√£o ao uso? Foi essa a grandeeeee confus√£o do seu ""presidente her√≥i vision√°rio"" q na vdd √© burro",Negativo
j√° mudou de assunto n√©? Kkkkkkkkkkkkkkkkkkkkkk,Positivo
"voc√™ n√£o leu ou n√£o sabe o significado da palavra TESTE? A imagem pode conter: texto que diz ""CORONAVIRUS OMS anuncia que vai retomar testes com hidroxicloroquina para Covid-19 Cientista da entidade alertou, entretanto, que mais mudan√ßas podem ocorrer no futuro. Testes com a subst√¢ncia foram suspensos na semana passada.""",Negativo
Oxi mudei? Kkkk kkkk,Neutro
A OMS s√≥ autorizou pesquisas: https://revistagalileu.globo.com/amp/Ciencia/noticia/2020/06/entenda-retratacao-de-estudo-sobre-cloroquina-e-hidroxicloroquina.html Entenda a retrata√ß√£o de estudo sobre cloroquina e hidroxicloroquina REVISTAGALILEU.GLOBO.COM Entenda a retrata√ß√£o de estudo sobre cloroquina e hidroxicloroquina Entenda a retrata√ß√£o de estudo sobre cloroquina e hidroxicloroquina,Neutro
√© duro estar errado ... o Mito sabe muito,Negativo
Bolsonarista √© doido,Neutro
eles n√£o sabem l√™ e interpretar,Neutro
"ele n√£o √© vision√°rio, ele apenas tenta copiar o √≠dolo dele, Donald Trump",Negativo
"o Lula tem o rem√©dio que cura , √© s√≥ ele devolver o que roubou resolve quase tudo",Positivo
"nem todo mundo que n√£o apoia o bolsonaro, e PT n√£o senhora!",Neutro
mania achar s√≥ pq n√£o √© a favor do mito e PT e Lula  üòÇ  üòÇ  üòÇ  üòÇ tem que rir,Neutro
mas √© contra a na√ß√£o,Neutro
"pelo amor de Deus n√© querida, vamos estudar vamos aprender ler e interpretar texto! Perdi a minha m√£e dia 10 agora faz 1 m√™s de covid, 55 anos nova, sem risco, sa√∫de de touro mais o v√≠rus e s√≥ uma gripizinha como o mito falou!",Neutro
"meus sincero sentimentos, que DEUS conforte vc e fam√≠lia, com essa perda irrepar√°vel, sei da gravidade da coisa , por isso evito o m√°ximo de fazer o que o povo est√° fazendo, e que temos o que merecemos, se fiz√©ssemos nossa parte essa camba‚Ä¶Ver mais",Neutro
deixa de ser besta.,Neutro
"obg pelos sentimentos, por isso que eu falo n√£o √© pq apoiamos um merda desse na pol√≠tica que somos Lula e PT! Infelizmente o v√≠rus est√° matando, como ele disse que iria s√≥ matar quem √© de risco, coisa nenhuma est√° matando crian√ßas pessoa‚Ä¶Ver mais",Neutro
oi senhora! Que educa√ß√£o. Bom dia tbm pra senhora tbm,Neutro
"pois √© mana, al√©m de serem raivosos e ofensivos. Credo! Custa nada ler a mat√©ria  ü§¶üèΩ‚Äç‚ôÄÔ∏è",Neutro
"As pessoas ao inv√©s de ser um pouco agradecido a Deus por ter um rem√©dio que pode ajudar na cura do v√≠rus preferem ficar ofendendo o presidente, tem gente que merece mesmo pegar o corona v√≠rus!",Positivo
‚Äúmerece pegar o v√≠rus‚Äù que forte hein...Bolsonaro pela falta de empatia falaria a mesma coisa.,Negativo
"Se existe um rem√©dio que cura, eu n√£o entendo por que no mundo todo o n√∫mero de mortes s√≥ cresce. Vc pode me explicar? Mas sem fake news, please.",Negativo
"Tem gente que al√©m de merecer pegar faz ainda por merecer, me poupe!",Positivo
"n√£o sei se voc√™ leu direito mais eu disse que PODE AJUDAR NA CURA, se liga",Positivo
"discurso de √≥dio no grupo, pra que isso ?",Neutro
Reproduzir GIF GIPHY,Neutro
queridinha vc leu a reportagem? Ou √© s√≥ vontade de espraguejar os outros mesmo ?,Neutro
N√£o √© discurso de √≥dio √© um discurso de realidade porque parece que tem pessoas que faz por merecer de t√£o egotistas que s√£o,Positivo
N√£o lindinha eu n√£o li kkkkkkkkk se poupe,Positivo
coment√°rio digno de seguidores do genocida  ü§¨,Negativo
"Pois √©, lament√°vel",Negativo
Procure as estat√≠sticas do mundo e veja que infelizmente ainda n√£o existe cura e nenhuma droga que comprovadamente possa ser usada efetivamente no tratamento da covid 19.,Negativo
ü§£,Neutro
"Ah o amor crist√£o, que lindo! Kkk",Neutro
chora cmg,Neutro
Fake!!! Tio do Zap!,Negativo
"1 estudo apenas em que os caras afirmam que erraram por usar fonte n√£o confi√°vel para formular o estudo. Sabe, al√©m deste estudo, existem j√° outros tantos que afirmam o mesmo, e n√£o continuam sendo v√°lidos.",Negativo
Noticia velha meu chapa. Fonte: zap zap,Negativo
fonte: do alto da capinheira,Negativo
Alerta de ROB√îS,Negativo
Cada um....,Neutro
Absurdo,Negativo
Fakenews,Negativo
Se cloroquina fosse tudo isso n√£o teriam tantos mortos no EUA e nem eles estariam enviando o lixo deles para c√°,Negativo
Fake denunciei para o Facebook,Negativo
vai l√° ... passe o dia denunciando kkkkkk,Positivo
toma TUBAINA!,Positivo
"n√£o gosto, toma voc√™ e fique diab√©tico.",Negativo
"Usa mo√ßo, passa a tomar um comprimido a cada 6 horas. Dizem que √© o √≥timo pra quem tem herdeiros, eles amam!",Negativo
Quem n√£o quiser CLOROQUINA... Toma TUBAINA e boa!!! Espero ter ajudado!,Positivo
"Tuba√≠na √© m√≥ daora! Quanto a cloroquina, fa√ßa bom uso socando no seu cu at√© morrer.",Negativo
"u√© mas maconha e outras drogas n√£o faz mal, porque a CLOROQUINA faria?!?!  üòÅ",Positivo
"j√° √© CIENT√çFICAMENTE comprovado que maconha n√£o mata e nunca matou ningu√©m, diferente da cloroquina que assim com √°lcool e cigarro matam. E tamb√©m estudos cient√≠ficos que comprovam que a cannabis pode sim ajudar na preven√ß√£o e tratamento ‚Ä¶Ver mais",Negativo
o mesmo com a CLOROQUINA! Haha que doideira!,Positivo
"exatamente, por isso disse pra tu socar no cu, n√£o quero nem de gra√ßa  üòâ",Negativo
Antifascista desbocada voc√™ hein!!! Reproduzir GIF Tenor,Positivo
"Claroq ele tava"" certo"". Deve ter sido o diabo que deu essa dica pra ele.",Negativo
ü§£  ü§£  ü§£  ü§£  ü§£  ü§£  ü§£  ü§£  ü§£  ü§£ vc n√£o entendeu oq t√° escrito na reportagem ?,Neutro
Outra coisa: existe o problema da dosagem a ser utilizada. A dosagem recomendada e muito pr√≥xima da dosagem letal. A dose recomendada √© de 25 mg/kg e se chegar a 30 mg/kg mata! O problema est√° no fato de que essa dosagem precisa ser maior para tratar a‚Ä¶Ver mais,Positivo
"Baseado na minha pr√≥pria opini√£o, eu mesmo posso refutar qualquer afirma√ß√£o cient√≠fica prim√°ria... Tenho 50% de chances de estar certo. Agora, provar o porqu√™ da minha afirma√ß√£o √© que s√£o elas! Achismo n√£o faz de ningu√©m um g√™nio, muito menos o salvado‚Ä¶Ver mais",Neutro
Ser√° que este grupo tem administrador? Acho que se tivesse espulsaria logo este tipo daqui.,Neutro
que tia mais antipatica,Positivo
Pois √©! N√£o deveria aprovar publica√ß√µes sobre medicamentos!,Neutro
expulsar porqu√™?!?! O povo t√° acostumado a ouvir o que pensa ser o certo e quando da de encontro com a realidade vem esse m√≠mimi. O cara n√£o postou nada de fake!! Deve ser petista,Positivo
tem outra publica√ß√£o pedindo informa√ß√µes sobre como usar a evermectina. Isso √© muito perigoso! Pode causar intoxica√ß√£o medicamentosa!,Neutro
N√£o tenho politico de estima√ß√£o. E n√£o sou gado para seguir rebanho‚Ä¶Ver mais,Neutro
antes ser gado do que ser o carrapato!,Positivo
At√© tenta mas n√£o consegue. E dif√≠cil mesmo muita informa√ß√£o pouco celebro. ‚Ä¶Ver mais,Neutro
obrigado... Seus insultos s√£o recebidos como elogios por mim!,Positivo
Nao sabem.interpretar? Bolsonaro esta errado,Negativo
"ü§î o bonito pode fazer postagem pol√≠tica pra tumultuar o grupo? A imagem pode conter: 1 pessoa, texto que diz ""23:06 35% Cleiton Eduardo no grupo Coron... 104 coment√°rios Curtir compartilhamentos Comentar Compartill Cleiton Eduardo o ADM n√£o pol√≠tica? excluir quem fizesse postagem Curtir Responder postagem politica Editado Shuster Eduardo deixa er gado Vaila abra√ßar presidentee deixaas pessoas verdade Curtir Responder nada rritadas Ana Bonavita fanatico pessoas conduzido Aprenda ociedade acomiha insubordina√ß√£o politica deixade forma interesses onunca recusando Rasnandar Curtir Comentar III Comparti tilhar""",Neutro
"ainda pouco esse mo√ßo a√≠ estava discutindo l√° em cima. Chamando o bozo de ""her√≥i vision√°rio""",Negativo
"o post dele √© sobre pol√≠tica, desde o momento que fala do bozonaro!",Neutro
Dois pesos e duas medidas. T√≠pico. Um ministro da sa√∫de que n√£o pode priorizar a sa√∫de. Um ministro da justi√ßa que n√£o pode ser justo se a fam√≠lia imperial estiver na jogada.‚Ä¶Ver mais,Neutro
√â s√≥ denunciar pro ADM gente,Neutro
quantas vezes?  ü§∑üèª‚Äç‚ôÄÔ∏è,Neutro
"eu j√° denunciei o post, mas tem q ser v√°rias pessoas. Issoooooo se o ADM ver",Neutro
pois √©...,Neutro
ou ent√£o a gente marca ele no post kkkkkk,Neutro
"Raz√£o do qu√™???? A The Lancet questionou o rigor cient√≠fico de UMA publica√ß√£o apenas, UMA pesquisa. Por√©m, h√° v√°rias outras pesquisas de institui√ß√µes renomadas tb falando sobre a inefic√°cia da cloroquina e derivados.‚Ä¶Ver mais",Positivo
exatamente isso!,Neutro
Tem gente que n√£o aprende mesmo  üòè  üòè  üòè,Neutro
"Cloroquina cura, n√©? Por isso, mais de 35.000 vidas ceifadas, s√≥ no Brasil! E mais quantas, no mundo??? Fala s√©rio, n√©?",Negativo
"Gente n√£o serve para todos , sen√£o √± teria morrido tantas pessoas no Estados Unidos.",Neutro
√â duro fazer oposi√ß√£o ao Bolsonaro n√© pessoal? No final fica claro que ele est√° com a raz√£o,Positivo
"vc √© t√£o anti-ci√™ncia quanto o presidente. Um fan√°tico, pra que essa idolatria ? Vamos discutir dados id√©ias, vem pra ci√™ncia",Negativo
"vdd, as pessoas do mundo inteiro t√£o morrendo s√≥ pra contrariar o capit√£o... s√£o tudo uns esquerdista safado",Negativo
kkkkkkkkkkkkkkkkk,Neutro
"s√≥ rindo neh, pra gt n√£o chorar!",Neutro
Vdd kkkk,Neutro
"A imagem pode conter: 1 pessoa, chap√©u e atividades ao ar livre, texto que diz ""GUSTTAVO lima e voc√™.""",Neutro
"Mesmo com erro dessa pesquisa, Bolsonaro n√£o tem como estar certo pq isso n√£o invalida os outros estudos sobre a cloroquina",Negativo
"Cara, se entope de cloroquina, a vontade. Mas na hora que ficar doente n√£o pode ir pro hospital blz? Afinal o corona √© uma "" farsa mundial criada pelos comunistas do foro de sp e gorge soros para derrubar o mito"" vc como bom gado sabe da Grande conspi‚Ä¶ Ver mais",Negativo
CLOROQUINA faz mal... As drogas √© que faz bem!,Positivo
"A imagem pode conter: texto que diz ""ESTAD√ÉO Brasil tem mais gado que gente, aponta IBGE""",Neutro
"Ai, dai-me paci√™ncia!",Neutro
"Vi depoimento de m√©dico confirmando. E gra√ßas a Deus minha esposa foi tratada com cloroquila ap√≥s 8 dias isolada no Hospital do Rocil em Curitiba e ja est√° em casa,usou bombinha por um tempo e n√£o foi parar no oxig√™nio,",Positivo
"m√©dico n√£o √© cientista, portanto n√£o pode compravar a efici√™ncia de nada! Para tal fim, existimos n√≥s, os cientistas!",Neutro
acontece q esse remedio esta prejudicando mais pessoas do q salvando...ja q a maioria da popula√ß√£o tem problemas. A esposa deve ser saud√°vel com todos os orgaos funcionando bem ...mas a maioria nao √©...e tem algum lroblema entao √© arriscado tomar a cloroquina,Negativo
"E emissoras de TV gostam de vender mortes e n√£o passam os avan√ßos que est√£o sendo feitos,n√£o est√£o preocupados com vidas e sim sensacionalismo negativo ao inv√©s de motiva√ß√µes para um bem maior",Positivo
duvida das mortes v√° nos hospitais averiguar,Negativo
"n√£o ela n√£o √© saud√°vel e tem problemas respirat√≥rios,mas como quimioterapia e outros medicamentos possuem efeitos colaterais e est√£o ai, se √© o que se tem at√© solu√ß√µes melhores √± podemos descartar 100% das possibilidades de uso",Neutro
ela tem problema d.cora√ß√£o ou rins? Pq esse remedio esta causando parada e peoblemas nesses dois √≥rg√£os principalmente,Negativo
"tomara que possamos achar um menos agressivo e com menos riscos,meu desejo que fosse a planta Artem√≠sia Annua que est√° sendo assistida pela oms em possibilidade de ser aplicada para aumentar imunidade para amenizar avan√ßos",Neutro
√â placebo,Neutro
"renal tem desde crian√ßa,sendo que a ingest√£o de liquido foi pesada",Neutro
Mas a quantidade que ela usou n√£o deu queda de cabelos que o medico ressalvou dentre outros efeitos mas gra√ßas a Deus deu tudo certo ap√≥s dias sombrios de luta,Neutro
"Nem sei se tem raz√£o dessa vez, acho que continua n√£o tendo, maaas, em tendo, qual foi a outra vez mesmo que ele teve raz√£o?! Rs... √© pro TCC de um amigo",Neutro
nenhuma,Neutro
"inclusive t√° at√© no negativo neh amigo, tipo menos 70 de raz√£o",Neutro
exatamente,Neutro
"A minha opini√£o sobre o assunto passa pelo depoimento de um m√©dico que est√° no ‚Äúfront‚Äù. Ele pede para n√£o politizarmos qualquer medicamento. Al√©m do estresse da pandemia, eles tem que lidar com a discuss√£o: m√©dico que indica o uso, √© de direita. Se n√£‚Ä¶Ver mais",Neutro
"Meu amigo, que estava infectado com o coronav√≠rus, n√£o se recuperou com o medicamento. Ouvi dizer que me recuperei imediatamente com outro m√©todo que n√£o a medicina; portanto, se algu√©m estiver sofrendo com o coronav√≠rus, entre em contato pelo messeng‚Ä¶Ver mais",Negativo
"https://www.bbc.com/portuguese/geral-52930383 Pra quem n√£o entendeu, a retrata√ß√£o n√£o afirma que o oposto √© verdadeiro. E a retrata√ß√£o foi dada mais por uma burocracia cient√≠fica excelente que visa garantir a m√°xima seguran√ßa aos dados. Vou desenhar d‚Ä¶Ver mais",Neutro
Por que sera ent√£o que a mat√©ria foi retirada?? Ser√° que foi porque pediram pra provar a veracidade e o editor n√£o conseguiu?  ü§î,Negativo
talvez sim,Neutro
"meu Deus, 1 √∫nico artigo foi retirado, mas existem outros que conclu√≠ram a mesma coisa",Positivo
Mostra a√≠,Neutro
"A imagem pode conter: 1 pessoa, texto que diz ""ALGAR TELECOM 23:19 google.com Segundo a ""The Lancet"", os autores foram incapazes de realizar auditoria independente dados fornecidos pela empresa Surgisphere, contratada para coletar os dados hospitais sobre os pacientes. o estudo afirmava avaliado pacientes, alguns hospitais confirmaram dados utilizados, segundo imprensa inglesa. e Apesar de boa parte da comunidade cient√≠fica apontar evid√™ncias cloroquina hidroxicloroquina possam efeitos mostraram profissionais questionaram metodologia da nova enviaram uma carta ""The Lancet"" com cr√≠ticas ao estudo. Ap√≥s os questionamentos, os autores conclu√≠ram que ""n√£o podem mais garantir a √ó esclarece duvidassobre Coronavirus +""",Negativo
s√≥ ir no Google acad√™mico e colocar na busca cloroquina e covid-19 que vem v√°rios,Positivo
"outra coisa, o reino unido j√° parou de perder tempo com esse rem√©dio",Negativo
"Ja fiz isso...umas 5x. mas ok, cada um com a sua verdade. Eu n√£o uso um medicamento s√≥ pq o presidente quer. Prefiro arriscar sem ele. Mas tbm n√£o quero debate. Abra√ßo",Negativo
cara... Acho que vc n√£o entendeu que eu sou contra esse rem√©dio tbm... Kkkkk,Negativo
ok.,Neutro
"Isso pelo q vi √© verdade, parece q o oms ia retomar os estudos com a cloroquina. Vi algo sobre isso na globo na sexta. Tem que checar e ver se √© ou n√£o verdade.",Neutro
"colocaram terror em m√©dicos para n√£o usar, intimida√ß√µes na quest√£o de perda de crm em casos de morte ...ai alguns recuaram mas alguns baseados em seus argumentos ainda que poucos usaram",Positivo
o problema √© que precisa de estudo e comprova√ß√£o cient√≠fica. Pelo que vi tinha sa√≠do essa pesquisa e a oms parou os testes. Agora vai voltar aos testes. Mas n√£o tem nada de milagre.,Neutro
"concordo com voc√™,mas numa guerra contra o tempo alguns protocolos precisam ser acelerados, este virus veio para mostrar nossa vulnerabilidade mundialmente falando",Neutro
Nossa mano... Vc eh mto burro,Neutro
quem ?,Neutro
Cloroquina faz mal pessoal... O que faz bem mesmo s√£o as drogas  ü§≠,Positivo
q compara√ß√£o...droga sempre fez mal e vicia e altera a pessoa . Cloroquina √© um remedio q tem q usar numa dosagem muito alta para matar o virus entao em muitas pessoas ele pode ate matar pq nem todos tem rins e cora√ß√£o saudavel.,Positivo
Cloroquina e uma droga tamb√©m.,Neutro
pessoas t√≥xicas e leigas tbm !,Neutro
"n√£o sabe o que fala ! ""S√≥ fala""",Neutro
kkkkkkkkkkkkk,Neutro
Kkkkkkkkkkkkkkkkkkkk Existe algum idiota q realmente acredita que Bolsonaro est√° um passo na frente da ci√™ncia?‚Ä¶Ver mais,Negativo
nem em sonho,Neutro
"Fanatismo venda os olhos, normal. No esporte e segue lista. Mas √© mto triste esse nacionalismo de gaveta e tupiniquim imposto pelo presidente....E convenve gde parte; at√© alguns instru√≠dos...",Negativo
Toma cloroquina quem quiser. E n√£o toma quem n√£o quiser. Meu Deus! Quanto drama por isso.,Neutro
"Babaca masoquista, deveria se colocar no seu lugar.",Neutro
"Aiii a CLOROQUINA causa arritmia... E o que aquele whisky com energ√©tico que voc√™ toma nas baladas faz? Me poupem, se m√©dicos defendem o uso da cloroquina j√° no in√≠cio... Se o ex Doria, o infectologista Dr. David Uip e o renomado cardiologista Dr. Rob‚Ä¶Ver mais",Positivo
o problema √© que √© uma arritmia severa que pode levar ao √≥bito por parada card√≠aca!,Negativo
E o que me diz sobre o resto do meu coment√°rio?!?!,Positivo
"eles tomaram v√°rios rem√©dios, dizer que foi a Cloroquina que curou √© irrespons√°vel. A dose da Cloroquina para Covid chega a ser 3 vezes maior que o usado para outras doen√ßas. √â necess√°rio monitoramento do paciente, eletro antes, durante e‚Ä¶Ver mais",Negativo
Para quem n√£o leu - apenas retiraram uma mat√©ria que dizia que a cloroquina matava,Positivo
"sim, mas existem v√°rios outros artigos que conclu√≠ram o mesmo",Neutro
üáßüá∑,Neutro
Gente n√£o √© verdade essa medica√ß√£o e muito perigosa pode causar ataque card√≠aco toma cuidado com medicamentos,Negativo
"Est√° medica√ß√£o est√° liberada para uso h√° mais de 60 anos. Usada no tratamento de l√∫pus, mal√°ria, .... O m√©dico vai avaliar se o paciente pode tomar.",Positivo
"A imagem pode conter: texto que diz ""ESSE MEDICAMENTO PODE CAUSAR: Dist√∫rbios card√≠acos (s√≠ndrome de kounis). pode causar choque anafil√°tico, que podem tornar graves vida em alguns casos fatais. Dist√∫rbios sangue sistema Anemia apl√°stica, leucopenia EMS sulfato de hidroxicloroquina etc. Dist√∫rbios vasculares. Dist√∫rbios Dist√∫rbios gastrintestinais. Dist√∫rbios pele (s√≠ndrome de stevens-johnson) 400 mg USOORAL USOALIDEATDATR.COACMACEGAMOS G Medicamento Gen√©rico VOC√ä ACHA QUE ACABOU DE LER BULA DA HIDROXICLOROQUINA SE ENGANOU. ESSA BULA NOVALGINA. SABE AQUELA TOMA OU FEBRINHA? Vamos parar com a hipocrisia! VENDA S0B M√âDICA Cont√©m 30 comprimidos avestidos""",Negativo
Eu jamais poderia tomar!!,Negativo
"E ainda, o Sr Trump, dizer que toma cloroquina como preven√ß√£o do Covid!! Mentira! Ele √© dono da ind√∫stria da droga. E o bossal de c√°, vende esse peixe, mancomunado com o fabricante.",Negativo
Quem √© o gado?!?! Teste positivo para mam√£o e bode?‚Ä¶ Ver mais Tanz√¢nia rev√™ testes de coronav√≠rus ap√≥s bode e mam√£o testarem positivo SBT.COM.BR Tanz√¢nia rev√™ testes de coronav√≠rus ap√≥s bode e mam√£o testarem positivo Tanz√¢nia rev√™ testes de coronav√≠rus ap√≥s bode e mam√£o testarem positivo,Positivo
J√° foi verificado e ocorreu erro na manipula√ß√£o dos testes.,Neutro
O presidente mandou fazer os testes para desacreditar cientistas e curar COVID com garrafada.,Neutro
"Queria sinceramente que o presidente tivesse raz√£o pelo menos 1 vez, mas n√£o √© o caso e nunca foi.",Negativo
Eles voltaram a fazer testes. N√£o significa que o medicamento funciona.,Negativo
"o √∫nico argumento para Bolsonarista √© o PT  üôÑ vamos discutir id√©ias e parar de idolatrar pol√≠tico, PT e Bolsonaro possuem interesses pr√≥prios.",Negativo
Eles n√£o tem capacidade de fazer um argumento coerente,Negativo
adoro  ü•∞ com um p√£ozinho fresco kkk nossa del√≠cia,Neutro
"Cloroquina √© a fake news da morte institucionalizada do governo Bolsonaro. Nesse governo de marginais milicianos, dos testas de ferro do crime organizado das lavanderias fiscais das igrejas, dos agentes da CIA maquiados de l√≠deres religiosos, dos mili‚Ä¶ Ver mais Carlos Wizard diz que governo deve investir R$ 30 milh√µes em cloroquina - CartaCapital CARTACAPITAL.COM.BR Carlos Wizard diz que governo deve investir R$ 30 milh√µes em cloroquina - CartaCapital Carlos Wizard diz que governo deve investir R$ 30 milh√µes em cloroquina - CartaCapital",Negativo
"infelizmente n√£o adianta falar com quem n√£o quer entender. Afinal, pra eles, √© o mundo inteiro que est√° errado e s√≥ Bolsonaro est√° certo.",Negativo
"Amig@ n√£o passe vergonha! As desculpas s√£o pelo encerramento total de pesquisas. Isso sim √© um erro. Acreditar que Bilorilo √© acertivo s√£o outros quinhentos... Bem burros, por sinal!",Negativo
"Ah sim, o m√©dico presidente tem raz√£o  ü§¢",Negativo
afinal n√£o d√° pra contestar quem est√° voltado a s√≥ acreditar no Bolsonaro. #ForaBolsonaro,Negativo
Acooooorda galera. Pelamor!!!!! Sem fanatismo. Encarem racionalmente.,Neutro
mais uma vez (me mata de rir  ü§£  ü§£  ü§£ ) pa√≠s dos jumentos!!!,Neutro
üëè  üëè  üëè  üëè  üëè,Neutro
N√£o. A cloroquina continua fora. Apenas a hidroxicloroquina deve ser usada em testes. Testes! N√£o uso.,Negativo
Bastou Trump querer tirar investimentos que a OMS vai pesquisar mais?!,Positivo
Bota o gado pra ser Cobaia,Negativo
precisa n√£o ja ta sendo testada em jumento,Positivo
"S√≥ ele tem raz√£o, o mundo est√° errado, os cientistas. O medicamento n√£o foi feito pra esse v√≠rus, tem que ser dosado e o paciente monitorado, pois as doses s√£o altas pra matar o v√≠rus, por isso os efeitos colaterais",Negativo
"A imagem pode conter: 1 pessoa, texto que diz ""AL√î BOLSONARISTAS: Fake News n√£o √© liberdade de express√£o Organiza√ß√£o criminosa n√£o √© milit√¢ncia politica""",Negativo
"Incr√≠vel como tem pessoas que acreditam em qualquer coisa, mesmo que seja explicado exaustivamente.",Negativo
"N√£o disse nem que sim nem que n√£o. Nada provado. Segura a emo√ß√£o, nelores do Brasil",Neutro
"E tem imbecil que n√£o gosta do Bolsonaro. Por isso o Brasil perde, pelo grande n√∫mero de imbecis que ainda esperam a volta dos pol√≠ticos corruptos que os mant√©m com bolsa esmola.",Positivo
Se vc tiver for um.pouco inteligente n√£o vai ser ladr√£o nem miliciano.,Negativo
"os ladr√µes ja deveriam estar presos, os milicianos se algu√©m provar tudo bem, por enquanto √© s√≥ piada.",Positivo
"A imagem pode conter: uma ou mais pessoas, texto que diz ""Florestan Fernandes. 5min Em 1971, em plena ditadura, os militares ocultaram da popula√ß√£o a epidemia de meningite. A omiss√£o levou ao avan√ßo da doen√ßa por longos 5 anos. Agora, Bolsonaro e seus generais escondem os n√∫meros de v√≠timas da Covid-19 Para matar as saudades dos saudosistas.""",Negativo
Claro q o burro vai querer enfiar Cloroquina n√© nos jumentos at√© pq ele gastou milh√µes n√© povo burro senhor me der paci√™ncia  ü§¶  üôÜ  üêÇ,Negativo
roubar em respiradores e hospitais de campana pode...kkk,Neutro
"""‚ÄéOu o DOTO n√£o funciona, ou o v√≠rus n√£o gosta de queijo com cacha√ßa! SEM MISOLAMENTO MINAS GERAIS 255 √ìBITOS @LINCOLNDRUMONDM COM ISOLAMENTO S√ÉO PAULO 6.980 √ìBITOS ŸÜ‚Äé""‚Äé‚Äé‚Äé",Positivo
"""Estamos a mais de 500 dias sem roubar!""",Positivo
"""Usamos os melhores ingredientes ntes em NOSSOS LANCHES! #MELHORE #MELHORES LaBellicia LaB icia COZINHA ARTESANAL""",Positivo
"""se eu disser disser que foi o covid-19 voc√™s acredita 0""",Positivo
"""IN√çCIO PANDEMIA ""Coronav√≠rus √© inven√ß√£o imprensa!"" 1a MORTE ""√â s√≥ uma gripezinha!"" 10 MORTES ""Tenho hist√≥rico de atleta!"" 100 MORTES ""V√£o morrer alguns idosos!"" 1.000 MORTES ""N√£o sou coveiro!"" ............ 10 MIL MORTES ""E da√≠?"" ""A culpa √© dos governadores prefeitos!"" 20 MIL MORTES 35MIL MORTES ""Vamos esconder o n√∫mero mortos!""""",Negativo
√â bem isso viu  üòÇ  üòÇ  üòÇ,Negativo
Esse cara um lixo e nem discuto mais com quem √© a favor dele √© perca de tempo. Rs,Negativo
FAKE querido isso foi comprovado  üôÑ  üôÑ,Negativo
"""Discordar do presidente n√£o significa apoiar o PT. Existe vida inteligente al√©m dessa disputa.""",Negativo
voc√™ indica quem para ser Presidente do Brasil?,Positivo
fazer piada √© f√°cil.,Positivo
"""J√° perceberam que n√£o houve mortes em massa de caixas de supermercado, entregadores de pizza e funcion√°rios do transporte p√∫blico por conta do COVID19? Ou a doen√ßa n√£o √© tudo isso, ou eles s√£o alien√≠genas.""",Positivo
"""6:20 Instagram h√° 19 horas gabrielmonteiropm S√£o Paulo GABRIEL MONTEIRO CAOS EM SAO PAULO DESEMPREGO DISPARANDO MAIOR N√öMERO DE MORTES POR CORONA VIRUS DO PAIS (28x MAIS QUE MINAS PROMOTORIA INVESTIGANDO SUPERFA AMENTO EM COMPRAS DE R$ 500 MILH√ïES EM EM RESI RESPIRADORES GABRIELMONTEIRO GMONTEIRORJ""",Positivo
S√≥ tem meme √©  üòÇ  üòÇ  üòÇ,Negativo
ate o terraplanista idiota esta pulando do barco 0:00 / 2:15,Neutro
"""‚ÄéOu o DOTO n√£o funciona, ou o v√≠rus n√£o gosta de queijo com cacha√ßa! SEM MISOLAMENTO MINAS GERAIS 255 √ìBITOS @LINCOLNDRUMONDM COM ISOLAMENTO S√ÉO PAULO 6.980 √ìBITOS ŸÜ‚Äé""‚Äé‚Äé‚Äé",Positivo
üò¥  üò¥  üò¥  üò¥  üò™  üôà  üôâ  üôä,Negativo
Indico vc pra ser presidente.,Negativo
"Voc√™s s√≥ fazendo piada que entendem. Falar s√©rio depois de ver as besteiras que falam, realmente √© perca de tempo.",Positivo
U√© o presidente faz pq eu n√£o posso fazer,Negativo
"E ainda falam que √© o Mito que fala besteira...faz favor, conta outra.",Positivo
porque vc n√£o √©. Simples assim.,Positivo
Meu querido o presidente vive fazendo piadas at√© com as vidas e vcs √© a favor dele e pq vou falar s√©rio com vcs por favor n√©,Negativo
"pra ser presidente precisa aguentar a ignor√¢ncia do povo falando o que pensa sem ajudar em nada .. tem fora. Mas j√° que vc n√£o √© da petezada filha da puta, indica um presidente que vc acredita ser bom ..rs",Positivo
Vcs √© desgastante tem q rir fazer piada vamos discutir sobre oq  ü§∑,Negativo
N√© e a burrice de muitos.,Negativo
qual piada ele fez com vidas?,Positivo
"Vc est√° me xingando vc sabe q isso dar processo n√©, mas n√£o fico admirada n√£o olha a classe q vc √© n√©.",Negativo
T√° vendo a pergunta q vc fez qual piadas eles fez com vidas? √â desgastante falar com gente burra. Kkkk,Negativo
vai estudar e aprender interpreta√ß√£o de texto...kkkk ou vc √© petista agora???,Positivo
N√£o temo nem ministro da sa√∫de cara vc quer discutir oq por favo n√© para de passar vergonha.,Negativo
"Me processa vai l√°, t√¥ implorando...kkkk",Positivo
Aprenda sobre conjuga√ß√£o verbal tbm...,Positivo
Kkkk vc est√° longe de mandar eu estudar n√© querido  üêÇ  üêÇ  üêÇ  üêÇ,Negativo
Meu amor com pessoas igual a vc n√£o fa√ßo nenhum esfor√ßo pra escrita de vdd.,Negativo
Voc√™ me chama de burro? E fala em processo? Onde eu te xinguei?,Positivo
Imbecil. Ignorante.,Positivo
Mobral,Positivo
Agora eu te xinguei...e fodasse. Volta pra escola e para de falar merda e passar vergonha.,Positivo
N√£o tenho tempo pra tipinho de gente igual a vc n√£o eu trabalho sabe se √© que vc saiba oq √© isso n√© trabalho.,Negativo
nem me comparo com gentinha,Positivo
V√° procurar um trabalho cara menti vazia √© oficina do diabo. Kkkkkk,Negativo
"Trabalha? Bom antes de vc trabalhar eu estudei me formei e trabalho a mais de 30 anos...e isso n√£o √© da sua conta, est√°vamos falando sobre o Presidente e voc√™ n√£o sabe escrever nem ler o que eu escrevo...bem esse o perfil da esquerdalha.",Positivo
Deixa eu trabalhar viu gado,Negativo
Grande merda sua forma√ß√£o prestou pra que  ü§∑  ü§∑  ü§∑,Negativo
Trabalhadora...kkmm,Positivo
Tenho nada pra falar desse lixo desse presidente e nem com quem √© a favor dele.,Negativo
Concerteza querido e trabalho pra mim viu tenho o meu neg√≥cio.,Negativo
Trabalho pra ningu√©m n√£o viu a burra  üòÇ  üòÇ  üòÇ  üòÇ,Negativo
"t√° acima o que precisei falar...agora fica a√≠ ""trabalhando"" pra me dar retorno e enquanto isso eu vou curtir meu domingo, porque trabalho pra mim √© de segunda a s√°bado.",Positivo
"A imagem pode conter: texto que diz ""ELEITOR DE BOLSONARO √â IGUAL A CORNO: A GENTE MOSTRA FOTO, MOSTRA V√çDEO E, NO FIM DAS CONTAS, PERDE UM AMIGO...""",Negativo
V√° dormi louco  üòÇ  üòÇ  üòÇ,Negativo
"Quem trabalha, trabalha para algu√©m, mesmo que n√£o seja para o patr√£o, ser√° para o cliente, paciente etc.",Positivo
"""N√ÉO SOU PETISTA MAAAS... PT""",Positivo
Solta meu anjo querido oxi qual o seu problema. Kkkk,Negativo
"""Tem gente que diz ser cabe√ßa aberta... E deve ser verdade. T√£o aberta que o c√©rebro aproveitou e pulou fora.""",Positivo
Xonou?,Positivo
Solta meu anjo.,Negativo
Xonou por quem nojento  ü§¢  ü§¢,Negativo
"voc√™ indica quem para ser Presidente do Brasil? Que assuma o Mour√£o. Para isso serve um vice presidente. Mas j√° sei, vc n√£o vai concordar, pois prefere algu√©m do Centr√£o, certo? Reproduzir GIF Tenor",Neutro
olha isso,Neutro
"""BOLSONARO √â UMA ESC√ìRIA PRA HUMANIDADE Governo tira R$ 83 milh√µes de programa contra extrema pobreza no Nordeste e realoca para publicidades na SECOM FONTE NTE:METROPOLES""",Negativo
"Meu Deus, ela ainda n√£o entendeu que n√£o pode ser usada?",Negativo
Partiu curar o mundo agora?,Negativo
"Povo burro , fan√°ticos e doentes.",Negativo
Gente parem de brigar por causa disso... Quem n√£o quiser tomar o rem√©dio espera a remessa de vacina gr√°tis l√° d√° China  üòÅ  üëç,Neutro
ou voc√™ pode tomar e ter um infarto e MORRER como quase aconteceu com meu cunhado.  üòÉ  üëç,Negativo
"DIPIRONA tbm infarta. Concordo com vc Rose Brayan Martim, √© tanta briga, mas eu prefiro ficar com a dra. Nise Yamaguchi, dr. Wong, dr. Marcos Andrade, dr.Marcos Menelau e tantos outros que est√£o salvando vidas usando a CLOROQUINA.",Positivo
corre l√°! Algu√©m t√° te impedindo?,Negativo
ü§¶,Positivo
Eita povo fan√°tico.  üòÇ  üòÇ,Negativo
"Isso n√£o invalida os resultados anteriores que foram bem conduzidos, que foram publicados nas outras revistas, e todos indicam para o n√£o funcionamento da hidroxicloroquina, com a azitromicina ou sem, destaca Pasternak. ""As conclus√µes que a gente tem‚Ä¶Ver mais",Positivo
Gado vai tomar,Negativo
O √∫nico estudo A FAVOR foi retirado do ar. Continuem a√≠ bostejando bando de gado.,Negativo
‚ÄúMais uma vez‚Äù  ü§£  ü§£  ü§£,Neutro
Covid-19 ainda n√£o tem cura!,Neutro
"bovid 17 √© pior,ta doido povo louco",Neutro
"S√≥ bolsonazi tem o conhecimento, o resto do mundo est√° perdendo por n√£o ter a intelig√™ncia dele...",Negativo
kkkkkkkkkkk Cientistas e m√©dicos do mundo inteiro que estudaram a vida toda dizem que cloroquina n√£o presta e s√≥ o Bolsonazi t√° certo kkkkkk,Negativo
g√™nio ele!!!! A gente que n√£o valoriza o presidente que tem!,Positivo
Quanta ignor√¢ncia,Neutro
"Por mim q enfiem cloroquina at√© no cu e morram.... tenho L√∫pus eritematoso sist√™mico e n√£o consigo mais encontrar o medicamento por causa desse bando de FDP q saiu comprando  üò† na minha cidade nenhuma farm√°cia tem, uma amg j√° est√° sem... Quem realmente ‚Ä¶Ver mais",Negativo
"quem mandou suspender o rem√©dio foram os governadores, cobra o governador da sua cidade.....",Negativo
eu tenho visto pessoas falando que v√£o tomar por precau√ß√£o!,Neutro
"n√£o fia foi a OMS ok. Pq o uso estava descontrolado, tem pessoas tomando por precau√ß√£o!",Neutro
"Independente de quem mandou suspender foi por quem saiu comprando sem precisar.... J√° cobrei td mundo q tinha pra cobrar e falaram ""n√£o podemos fazer nada""...",Neutro
"mais os governadores tamb√©m, tudo combinado,nƒÅo aceitaram o decreto para o uso....",Neutro
suspenderam o uso para quem nao √© indicado!!,Neutro
foda q tem gente t√° tomando por precau√ß√£o  üôÑ,Neutro
"claro q n√£o, qual a comprova√ß√£o cient√≠fica de que funciona? Pelo amor de Deus!",Negativo
Fake,Negativo
Kkkkkkk e d√°-le cloroquina no fiof√≥ de td mundo.,Negativo
"A imagem pode conter: texto que diz ""os ""PROBLEMAS"" DA CLOROQUINA N√ÉO TEM PATENTE! que n√£o d√° muito lucro para grandes ind√∫strias",Positivo
eua se livrou de uma grande carga e mandou para o brasil q quer muito usar.,Negativo
O verdadeiro chupador de rola de Bozo,Negativo
#ForaMaia #foramaia . #forarodrigomaia #foratoffoli ‚Ä¶Ver mais,Neutro
"Pelo menos o pt pagava 50 reais p povo passar vergonha, j√° voc√™s passam vergonha de gra√ßa!",Neutro
"- √î suas antas analfabetas, os cientistas pediram desculpas por terem se baseados em estudos inconclusivos e declarado que a ‚Äúcorociclina‚Äù seria eficaz contra o Covid-19, como alardeava o genocida esquisofr√™nico do Bolsonaro  üíÄ !",Negativo
tem nada disso. Apenas v√£o continuar os estudos. Pega e j√° vai tomando a cloroquina. De repente te ajuda!!!!,Negativo
"Estudos s√£o assim, precisam ser analisados e comprovados por cientistas antes de afirmar com tamanha certeza. N√£o √© um besta leigo que tem raz√£o de nada.",Neutro
efeitos colaterais da cloroquina ainda s√£o alvos de estudo,Negativo
"Cloroquina nao foi desenvolvida para salvar o homem, em que pese com avan√ßo da cielncia possa ser utilizada para esse fim. Cloroquina √© usada pra salvar esse desgoverno. Qto mais mortes de idosos menos aposentadoria pro governo pagar. ‚Ä¶Ver mais",Negativo
fato,Negativo
"E a China fica onde? Homem, tmnc. Tudo √© culpa do governo, at√© a irresponsabilidade estrangeira.",Positivo
"Bolsonaro, calado t√° errado. Ele e sua tropa de zumbis fan√°ticos...",Negativo
"Meu filho mora na Dinamarca e l√° o Governo suspendeu as pesquisas com o cloroquina, chegaram a conclus√£o que s√≥ piora!",Negativo
s√≥ aqui que o governo fica dando murro em ponta de faca,Negativo
Nenhuma descri√ß√£o de foto dispon√≠vel.,Neutro
no Reino unido est√£o fazendo estudos https://www.dw.com/es/reino-unido-testean-f%C3%A1rmaco-contra-la-malaria-para-combatir-el-coronavirus/a-53525047 Reino Unido: testean f√°rmaco contra la malaria para combatir el coronavirus | DW | 21.05.2020 DW.COM Reino Unido: testean f√°rmaco contra la malaria para combatir el coronavirus | DW | 21.05.2020 Reino Unido: testean f√°rmaco contra la malaria para combatir el coronavirus | DW | 21.05.2020,Positivo
#ForaBolsonaro,Neutro
teu cu,Neutro
Essa cloroquina ajuda no exterminio da popula√ß√£o,Negativo
voc√™ tem alguma outra alternativa que funciona?,Positivo
"O rem√©dio n√£o teve efic√°cia comprovada. Voc√™s realmente tem dificuldade em estudar, nem um texto curto conseguem ler.",Negativo
"pois √©. Eles acham que porque um estudo foi invalidado, os outros tamb√©m foram invalidados por tabela!",Positivo
"pergunta da efic√°cia dele para o Dr. David Uip... Ah, n√£o esse n√£o fala para o povo o rem√©dio que ele tomou... Bom, pergunta para o cardiologista Dr. Roberto Kalil...",Positivo
Dif√≠cil dizer algo pra quem exp√µe orgulhoso a ignor√¢ncia.,Negativo
"Me baseio no que diz a ci√™ncia. Quando todos os testes provarem a efic√°cia do medicamento no combate a essa doen√ßa, considerarei que sim ele pode ser usado. Que ser√° segura a sua prescri√ß√£o pra ajudar o povo. Enquanto isso n√£o acontece, como saberei, n‚Ä¶Ver mais",Negativo
"""‚Äé11:13 ŸÖŸá 79% Publica√ß√£o tonibritonutri dP Jovem Pan OMS se desculpa por controv√©rsias em pesquisas sobre hidroxicloroquina Jovem Pan 19 horas atr√°s‚Äé""‚Äé‚Äé",Positivo
"""Covid19 9...a luta continua! tonibritonutri rfi Autores do estudo da revista The Lancet que criticava hi- droxicloroquina pedem des- culpas Publicado 05/06/2020 Geietles Be–∏iies contentfre THE LANCET Searchfor Audie tonibritonutri Queeee faseeeeeeee #thelance Fico triste ao. mais""",Positivo
"Minha senhora amaria que me dissessem que os cientistas descobriram que Doril tem efeito no tratamento dessa doen√ßa. Doril, Anador, Cloroquina, qualquer coisa. Infelizmente nao foi isso que aconteceu. As desculpas da OMS s√£o em fun√ß√£o da seriedade com ‚Ä¶Ver mais",Negativo
Essa aten√ß√£o √© que as pessoas precisam ter quando leem ou ouvem as not√≠cias. Tenho certeza que todos vamos amar que esse remedio tenha eficacia comprovada por cientistas. Ninguem quer ver o povo morrendo aos milhares. Ninguem quer continuar nessa angu‚Ä¶Ver mais,Negativo
Concordo plenamente.,Neutro
Se cuide a√≠!,Neutro
Bolsonaro s√≥ tem raz√£o que n√£o ser√° nunca mais presidente aqui no Brasil...,Negativo
√¥ d√≥,Neutro
"Quem vai ser, LULA? ACEITA QUE D√ìI MENOS",Neutro
Ningu√©m leu a mat√©ria???,Neutro
Mesmo quando ele tem raz√£o ele est√° errado ! Lixo,Neutro
Bolsonaro 2022,Positivo
"N√£o dou raz√£o pra pol√≠tico nunca, pq √© isso q eles querem, eles n√£o pouco se lixando pra gente!!",Neutro
De onde saiu esse jornal??,Neutro
Vai gado!!!,Neutro
"""Pedro Penseiro @PedroLColli ""L√≥gica"" do bolsominion: Se os especialistas, que estudam o assunto h√° anos, n√£o t√™m certeza sobre determinados aspectos da Covid-19 ent√£o √© melhor acreditar no presidente que nunca pisou numa universidade.""",Negativo
"Est√£o mais perdidos que cego em tiroteio, cad√™ os g√™nios? Estamos vivendo uma prova a qual s√≥ Deus pode nos ajudar.",Neutro
"a doenca esta sendo estudada ainda, em plena pandemia",Neutro
https://m.facebook.com/story.php?story_fbid=142404497365519&id=111037913835511 OX√çMETRO de DEDO pronta entrega,Neutro
"Ah, coitado.",Neutro
"""COMO USAR A CLOROQUINA BOZO TIRE DA EMBALAGEM LUBRIFIQUE ŒüŒπ COLOQUE 0 BOLSOMINION NESSA POSI√áƒÇ ABRA O RABO RABO DELE DELE ENFIE AC CLOROQUINA NO RABO DELE MITO! LVALDAR UM GRITINHO Œø""",Negativo
"""Meu pr√≥ximo animal de estima√ß√£o vai ser um bolsominion! Pensa num bicho que defende Œø dono a qualquer custo!""",Negativo
Animal de estima√ß√£o √© um bichinho bom.leal. N√£o se pode cimparar com um sujeito do mau.,Neutro
", por isso mesmo! S√≥ v√™ o dono pela frente!  üòÇ  üòÇ",Neutro
tem raz√£o.kkkk,Neutro
A ignor√¢ncia √© pior do que o covid. Cega e emburrece,Neutro
S√≥ lamento,Neutro
"Ele sempre teve raz√£o. S√≥ que n√£o. A imagem pode conter: 8 pessoas, texto que diz ""IN√çCIO PANDEMIA ""Coronav√≠rus √© inven√ß√£o da imprensa!"" 1a MORTE ""√â s√≥ uma gripezinha!"" 10 MORTES ""Tenho hist√≥rico de atleta!' 100 MORTES ""V√£o morrer alguns idosos!"" 1.000 MORTES ""N√£o sou coveiro!"" ............. 10 MIL MORTES ""E da√≠?"" 20 MIL MORTES governadores prefeitos! ""A culpa √© dos 35MIL MORTES ""Vamos esconder 0 n√∫mero mortos!""""",Negativo
"primeiro que o GRipezinha foi a globo que come√ßou, segundo que o E dai foi um resposta a compara√ßao com a CHINA e para fechar, me fala qual remedio tem nos paises de primeiro mundo que aqui nao foi usado....",Neutro
Fora Bolsonaro Genocida,Neutro
"Nao , ele nao tem raz√£o",Negativo
Parece que o Trunpp tamb√©m t√™m raz√£o!!! Suspendeu o uso da CLOAQUINA por l√° e ir√° exportar para o Brasil sil sil sil o lixo t√≥xicos de l√°.,Negativo