Ta com medinho agora ja ferrou com muota gente nÃ£o adianta mais,Negativo
Ele Ã© uma vergonha sem precedentes,Negativo
vergonha Ã© ser roubado.,Positivo
tambÃ©m! Lula na cadeia e Bolsonaro num manicÃ´mio,Neutro
NÃ£o Ã© vergonha . O mais certo Ã© a recomendaÃ§Ã£o dos mÃ©dicos mesmo lÃ¡ fora barrando os remÃ©dios,Neutro
mesmo com todo apoio mÃ©dio tÃ¡ passando mal com a bosta da cloroquina kkkkkkkkkkkkkkkkkkkkkkkkkk,Negativo
Olha presidente com muitas pessoas deu certo a cloroquina nÃ£o esquenta gente inÃºtil enche o saco mesmo,Positivo
fonte: cabecinha perturbada,Negativo
a sua sÃ³ se for,Neutro
Fontes: â€œvozes da minha cabeÃ§aâ€ nem sempre tÃ£o lÃºcida.,Neutro
amei vc !!!!,Neutro
Ou Ã© fake ou essa criatura Ã© louco.,Neutro
Ele n eh mÃ©dico kkkk ...tÃ¡ certo ele ueh !!!,Positivo
O povo meficre meu Deus nÃ£o tem o que fazer,Neutro
"Ele tomou, minutos famosos tomaram, conheÃ§o muita gente q tomou. ELE Ã‰ A FAVOR DO USO. QUEM RECOMENDA Ã‰ O MÃ‰DICO.",Positivo
Vcs tem cÃ©rebro?,Neutro
NÃ£o recomenda mais a cloroquina. Nenhuma descriÃ§Ã£o de foto disponÃ­vel.,Neutro
"Claro que nÃ£o, ele nÃ£o Ã© mÃ©dico  ğŸ¤·â€â™‚ï¸ quem prescreve Ã© o mÃ©dico. SÃ³ distorceram as palavras dele.",Positivo
"o mÃ©dico receita, recomendar qualquer um pode recomendar, nÃ£o pode receitar",Positivo
"foi oq ele disse, pena que as mulas distorcem oq ele diz  ğŸ¤¦â€â™€ï¸  ğŸ¤¦â€â™€ï¸",Positivo
"Mas ele distorce a ciÃªncia o tempo todo! Normal tomar uma invertida! Viu o videozinho dele tomando a terceira dose? EntÃ£o ele tem q incentivar a tomar, pois HCQ pra dar com pau no Brasil, pra 18 anos!! Kkkkk",Negativo
"atÃ© cientistas contestam estudos uns dos outros, imagine a gente, mero mortal!  ğŸ¤·â€â™‚ï¸  ğŸ¤£ JÃ¡ estudei essa Ã¡rea e sei oq estou dizendo",Positivo
por isto q existe uma situaÃ§Ã£o que se chama metanÃ¡lise! A metanÃ¡lise diz qual o melhor caminho a seguir!,Negativo
"exatamente, porÃ©m o que nÃ£o serviu pra um paÃ­s, nÃ£o quer dizer que nÃ£o vai servir pra outro. Clima diferente, vÃ­rus sofreu vÃ¡rias mutaÃ§Ãµes atÃ© chegar aqui e etc. Minha cidade de 400 mil habitantes deu parecer favorÃ¡vel, pq aqui funcionou, algumas regiÃµes de RJ onde nÃ£o usaram, tiveram mortalidade de atÃ© 12%.",Positivo
pq vc acha q o Einstein proibido o uso off label da HCQ?,Negativo
e pq nÃ£o divulgou o tratamento dos pacientes do alto escalÃ£o?  ğŸ¤·â€â™‚ï¸,Positivo
pq hospitais particulares do Rio que usaram hcq tem taxa de mortalidade baixÃ­ssima e os do SUS que nÃ£o usaram bem altas? No mÃ­nimo suspeito,Positivo
"o ensaio clÃ­nico com HCQ foi feito lÃ¡, talkey! EntÃ£o acredito q saibam bem a eficÃ¡cia ... AÃ­ proibiram ....  ğŸ¤·ğŸ¾â€â™‚ï¸  ğŸ¤·ğŸ¾â€â™‚ï¸  ğŸ¤·ğŸ¾â€â™‚ï¸  ğŸ¤·ğŸ¾â€â™‚ï¸",Negativo
https://cgn.inf.br/noticia/associacao-medica-da-parecer-favoravel-para-protocolo-de-hidroxicloroquina-em-cascavel Vou por fontes pq Ã© mais fÃ¡cil do que discutir  ğŸ¥±  ğŸ¥±  ğŸ¥±  AssociaÃ§Ã£o MÃ©dica dÃ¡ parecer favorÃ¡vel para protocolo de hidroxicloroquina em Cascavel - CGN CGN.INF.BR AssociaÃ§Ã£o MÃ©dica dÃ¡ parecer favorÃ¡vel para protocolo de hidroxicloroquina em Cascavel - CGN AssociaÃ§Ã£o MÃ©dica dÃ¡ parecer favorÃ¡vel para protocolo de hidroxicloroquina em Cascavel - CGN,Positivo
"da onde vc tirou estas informaÃ§Ãµes? Qro mais avanÃ§a a pandemia maia expertise os mÃ©dicos desenvolvem e mais vidas sÃ£o salvas... E meio esquisito achar q a HCQ Ã© a bala de prata! Outra coisa , hospitais particulares nÃ£o sÃ£o referÃªncia de tratamento pra COVID e recebem muito menos pacientes!! A HCQ nem nos EUA funcionou, mas aki em terras tupiniquins, com um monte de negacionista e anti ciÃªncia a coisa muda!!",Negativo
"tu Ã© de SP nÃ©? Como Ã© que estÃ¡ a taxa de mortalidade aÃ­? Aqui estamos usando e estÃ¡ tudo tranquilo atÃ© o momento, jÃ¡ vc, pode dizer o mesmo?",Positivo
parecer? ğŸ¤£  ğŸ¤£  ğŸ¤£  ğŸ¤£  ğŸ¤£,Negativo
minha cidade Ã© quase 100 SUS  ğŸ¤£,Positivo
"Ã© duro ver um jornal da globo divulgar isso nÃ© meu filho, engole seco  ğŸ¤£  ğŸ¤£  ğŸ¤£  ğŸ¤£  ğŸ¤£",Positivo
ParanÃ¡ tranquilo? Tendi...  ğŸ¤£  ğŸ¤£  ğŸ¤£  ğŸ¤£ Pra eficÃ¡cia da Cloroquina tar tÃ£o altas falta testes pra COVID,Negativo
"nestas horas separarmos o joio do trigo! MÃ©dico q nÃ£o se atualiza e nem se da ao trabalho de ler artigos e papers sobre a evoluÃ§Ã£o da doenÃ§a e tratamento da estes pareceres meio... Estranhos!!! Mas fica aÃ­ em Cascavel na paz e o Mito disse hj q nÃ£o vai mais receitar mais a HCQ, vai deixar proa mÃ©dicos !!!!",Negativo
"entÃ£o quer dizer que temos mais casos, com os mesmos Ã³bitos ğŸ˜¨  ğŸ˜¨  ğŸ˜¨ Seguindo sua linha de raciocÃ­nio a taxa de mortalidade daqui Ã© mais baixa do que imaginamos,  ğŸ˜±  ğŸ˜±  ğŸ˜±",Positivo
meu Deus do cÃ©u! Negacionista Ã© o inferno na terra nÃ© minha filha!! Grupo de zap bolsonarista tem informaÃ§Ãµes em tempo real e dezembro qualidade nÃ©... Kkkkk.... discutir com gente atualizada pela tia do zap Ã© pra acaba !!!,Negativo
"por gentileza vc pode enviar pro pessoal do parecer aÃ­ em Cascavel este prÃ© print duplo cego randomizado do estudo de HCQ em pacientes com COVID-19? Ajude a salvar vidas com maneiras sÃ©ria de lidar com a medicina!Achismo vc deixa pra vc, pros outros o q vale Ã© a ciÃªncia e salvar vidas! Vc pode entregar por gentileza, pois vidas serÃ£o salvas https://t.co/cNn5vXC98I?amp=1",Negativo
"SÃ£o mÃ©dicos de humanos nÃ£o veterinÃ¡rio, acha mesmo que iriam colocar a carreira em jogo?...  ğŸ¤¦â€â™€ï¸  ğŸ™† Se esforÃ§a mais um pouquinho.",Positivo
"kkkkk... Na medicina veterinÃ¡ria procuramos fazer a medicina baseada evidÃªncias, imagina entÃ£o na medicina humana? Mas os tempos sÃ£o outros nÃ©! Zap zap, tia do zap, YouTube, blogs de direita sÃ£o as evidÃªncias doa dias atuais!!! Kkkkk, discutir com negacionista me diverte! Agora temos uma nova modalidade de fazer medicina: Medicina baseada em achismo!! Boa noite.... A deixa eu perguntar: SerÃ¡ q tem Ivermectina neste parecer dos mÃ©dicos de Cascavel? O mÃ©dico de GoiÃ¢nia q dizia curar a COVID 19 com ivermectina infelizmente tÃ¡ enrugado numa UTI.... Que pena nÃ©!",Negativo
"o.pre print do paper Ã© de um estudo humano robusto sobre a eficÃ¡cia da COVID.... Desculpe, achei q vc sabia q era um pre print de um estudo q serÃ¡ publicado... Vc me desculpa, as vezes esqueÃ§o q alguns nem sabe o q Ã© ciÃªncia! Mas c precisar eu desenho em lapis colorido!! Kkkkk...fui",Negativo
ainda chorando? Pqp mas tu chora em... Deus me livre de gente sarna que nÃ£o aceita uma matÃ©ria de mÃ©dicos super renomados e formados em universidades pÃºblicas  ğŸ¥± aiai publica teus artigos da unoeste aqui pra gente ver se dÃ¡ pra comparar com eles  ğŸ¤£  ğŸ¤£  ğŸ¤£  ğŸ¤£  ğŸ¤£  ğŸ¤£  ğŸ¤£  ğŸ¤£  ğŸ¤£  ğŸ¤£  ğŸ¤£  ğŸ¤£  ğŸ¤£  ğŸ¤£  ğŸ¤£  ğŸ¤£  ğŸ¤£  ğŸ¤£  ğŸ¤£,Positivo
"xiiiii no ParanÃ¡ tÃ¡ subindo os casos de COVID 19, ou seja , 900%... TÃ¡ faltando Cloroquina no PR?",Negativo
"vc Ã© idiota ou q?Vc nÃ£o tÃ¡ vendo q te mandei trabalhos pre print ,q estÃ¡ bosta nÃ£o funciona? AtÃ© os EUA pararam de usar esta medicaÃ§Ã£o! Vc nÃ£o lÃª o contraditÃ³rio, opiniÃ£o de mÃ©dico nÃ£o Ã© evidÃªncia...q caralho Ã© muita negaÃ§Ã£o , sai da bolha, o mundo inteiro nÃ£o usa esta porra....Vc viu o PR nÃ£o indica mais a Cloroquina.....teu estado subindo a contaminaÃ§Ã£o e vc querendo q o povo tome remÃ©dio que nÃ£o funciona! Vc nÃ£o viu o mÃ©dico goiano q dizia q a Ivermectina era a cura da COVID? Sabe onde ele tÃ¡? Internado numa UTI com COVID.... Negacionismo Ã© doenÃ§a, Bolsonarismo Ã© doenÃ§a!",Negativo
"Uai, depois de tudo que falou",Neutro
"VocÃªs sÃ£o analfabetos funcionais, sÃ³ pode.",Neutro
Ainda bem q tem vÃ­deos dele com as caixas de cloroquina kkk tem q ser muito mal intencionado a essa altura em dizer q ele foi mal interpretado lÃ¡ no comeÃ§o kkkk fora os seguidores dele recomendando o uso do remÃ©dio como se fossem mÃ©dicos kkk,Negativo
bem isso..pior cego Ã© aquele que nÃ£o quer enxergar..preferem achar que Ã© fake..que ele nunca fez propaganda da cloroquina,Negativo
sÃ³ se revela cada vez mais gente mais mal intencionada igual esse cara. Nunca vi tanta atitude covarde deste ser.,Negativo
"Me espanta, ver o que 20 anos de PT fez com a estrutura das escolas.... Olhando os comentÃ¡rios da pra ver quem estudou e quem nÃ£o fez isso.",Positivo
sou contra o PT e nem por isso preciso apoiar o Bolsonaro.,Neutro
melhor resposta,Neutro
Sou contra o PT e contra e quem nÃ£o sabe ler.,Positivo
O bonoro assim como eu nÃ£o sou mÃ©dica. NÃ£o posso recomendar o uso e as doses. Ã‰ isso que ele falou,Positivo
"Em nenhum momento ele disse que Ã© contra, apenas disse q nÃ£o recomenda. Nem o farmacÃªutico pode recomendar alguma coisa",Positivo
mas ele sempre recomendou..basta ver os vÃ­deos dele..rs,Negativo
nÃ£o apoio polÃ­tico nenhum mas vocÃª leu?,Neutro
"ele nÃ£o sÃ³ Ã© a favor do remÃ©dio, como faz uso dele e estÃ¡ vivo. Ele nÃ£o pode recomendar o uso ele Ã© a favor do uso",Positivo
aproveita a sua # fica em casa e estude. Pois cientificamente nÃ£o tem argumentos  ğŸ˜˜,Positivo
20 anos de PT. TÃ¡ sertim. Nem vem que nÃ£o sou petista. Mas pera aÃ­ nÃ©,Neutro
"Acho que sua matemÃ¡tica tÃ¡ ruim viu! 20 anos de PT? Aonde?E tem 4 anos que o pt saiu tÃ¡, supera.",Neutro
vc deve saber vem nÃ©?,Neutro
"se situa mulher. Kkkkkkkkkk Na Ã¢nsia de defender quem nÃ£o tem defesa sai falando merda. Sou contra o PT e muito contra o Bolsonaro,esse cara Ã© um idiota,essa Ã© a minha opiniÃ£o, agora vc nÃ£o precisarÃ¡ fazer nenhum esforÃ§o para pensar muito menos para interpretar. Aproveite vc para ficar em casa e reflita.",Negativo
"Ã© histÃ³ria Amadah, sei que tem gente que gosta de negar histÃ³ria, mas o PT teve dois governantes, Lula, por 2 mandatos, e Dilma por 5,3 anos (2 mandatos, um interrompido pelo empeachmeant) 8 + 5= 13 De onde vc tirou os outros 7 anos?",Neutro
mas pegam um pedaÃ§o da frase e fazem a interpretaÃ§Ã£o que querem. TÃ¡ difÃ­cil,Neutro
TÃ¡ bom meninas me desculpe... A tia deveria serÃ¡ mais correta. Tancredo Neves em PMDB. JosÃ© Sarney PMDB. Fernando Collor PRN. ITAMAR Franco PMDB. FERNANDO Henrique Cardoso PSDB. Lula PT LULA PT. DILMA PT Dilma PT. Temer PMDB. Bolsonaro PSL. Realmente a culpa deve ter sido entre 1983 a 2003,Positivo
nossa Qtas ignorÃ¢ncia. Defenda seus argumentos. Com fatos. Faltou mas aulas de histÃ³ria?,Positivo
seremos ignorantes por mais 2 geraÃ§Ãµes. Pode vir o governo q for.,Positivo
"isso Ã© verdade, nunca vi tanta gente imbecil, parece que Ã© moda.  ğŸ˜”",Neutro
"infelizmente gostando ou nÃ£o das coisas que ele fala, ele foi eleito por falar o que pensa. Agora distorcer pra ganhar like em FB... seria o mesmo.que generalizar os 20 anos como eu fiz.",Positivo
Melhor presidente que o Brasil jÃ¡ teve. ??? Luiz InÃ¡cio da Silva. NÃ£o tem pra ninguÃ©m. Esse atual??? E um despreparado kkkkk SÃ³ nÃ£o vÃª quem nÃ£o quer. Ou se esforÃ§a pra nÃ£o enxerga .,Neutro
podemos falar entÃ£o de biologia? Vc sabe o q acontece com o sistema imunolÃ³gico de uma pessoa enclausurada?,Positivo
"pronto jÃ¡ deu seu grito de guerra, estamos falando de coisas Ãºteis e inteligentes e nÃ£o de bonoro e luladrao",Positivo
"se posicionar a favor de algo Ã© estar a favor do bolsonaro. Se posicionar contra Ã© ser petista. Ser inteligente e ter argumentos estÃ¡ difÃ­cil. Votei nele no segundo turno. Vou pelo menos ser sensata!! Perguntei de histÃ³ria, nÃ£o obtive resposta. Perguntei sopre interpretaÃ§Ã£o de texto, nÃ£o obtive resposta. Perguntei sobre biologia, nÃ£o obtive resposta.",Positivo
"Lula foi um desastre de presidente, tb foi eleito por falar o que pensa, e tb falou muita asneira. Achar que o NOVO presidente tb pode falar asneira, tb pode ser irresponsÃ¡vel, pq o Lula foi, tb pode ter alianÃ§a com CentrÃ£o, pq o Lula fez, Ã© admitir um governo de merda igual o do Lula",Neutro
tem razao,Neutro
vc quer discutir histÃ³ria? Kkkkkkkkk Desculpa mas nÃ£o tÃ´ a fim. Bjusss. Boa sorte,Neutro
Esse post deveria ser... Como reconhecer uma pessoa que sabe interpretar texto ou nÃ£o.,Neutro
VÃ©io acÃ©falo...Deus nos livre e nos guarde desse burro,Negativo
"Tenho dÃ³ dos eleitores dele,ele gosta de confundir a cabeÃ§a deles...uma hora ele praticamente receita cloroquina, agora manda procurar mÃ©dico. ..kkkk",Negativo
ficam tudo batendo cabeÃ§a dizendo q Ã© fake kkk,Negativo
"muita gente estÃ¡ tomando pelo fato de Bolsonaro indicar,porÃ©m a realidade dele Ã© outra,ele faz exames duas vezes ao dia,tem ambulÃ¢ncia com uma equipe a disposiÃ§Ã£o! E esse povo nÃ£o tem nada disso",Negativo
"Faz a merda depois tira o corpo fora como sempre,fez atÃ© propaganda agora diz que nÃ£o recomenda nojento  ğŸ¤®",Negativo
vdd ridÃ­culo. ta falando isso sÃ³ pros governo nÃ£o compra pra destribuir pra populaÃ§Ã£o. olha o gasto que vai da,Negativo
pois Ã©,Negativo
"Agora ele nÃ£o Ã© mÃ©dico, mas antes, defendendo a cloroquina e o fim do isolamento, parecia ser mais estudado que os epidemiologistas com pÃ³s doc! Acreditou em paraquedista quem quis.",Negativo
"Agr nÃ£o recomenda,mais recomendou sim. Quem prescreve Ã© MÃ‰DICO,recomendar qualquer um pode  ğŸ™„",Negativo
"Eu recomendo, toma quem quiser  ğŸ™†",Positivo
"Resumindo: NÃ£o querem a Hidroxicloroquina e nem a ivermectina pq nÃ£o tem comprovaÃ§Ã£o cientÃ­fica, mais curou vÃ¡rias pessoas... NÃ£o querem pq sÃ£o remÃ©dios baratos que nÃ£o dÃ¡ para superfaturar... Eles querem o Remdesivir remÃ©dio pra rico... Eu continuo a favor da ivermectina e azitromicina...  A imagem pode conter: texto que diz ""tratamento com remdesivir custarÃ¡, apenas considerando os medicamentos, US$ 3.120 (o que representa mais de R$ 16,5 mil) por paciente, dentro de um hospital privado nos Estados Unidos. Para termos valor de referÃªncia reais, a quantia ultrapassa o preÃ§o de dois iPhones 11 Pro Max com capacidade de 64 GB, se convertida sem impostos aqui no Brasil. Segundo site oficial da Apple, o modelo especificaÃ§Ãµes custa R$ 7.599 por aqui.""",Positivo
melhor deixar esse povo ignorante morrer a mÃ­ngua sem tratamento do que discutir.,Positivo
Verdade!! JÃ¡ tenho a minha opiniÃ£o formada!! O pior vÃ­rus Ã© o da ignorÃ¢ncia...,Positivo
"Remdesivir custa menos de 10 dolares pra fabricar, eles inflacionaram pq sÃ£o um bando de pau no cu",Positivo
Sei que Ã© carÃ­ssimo!!! Tem que tomar 10 ampolas...,Positivo
"Pegam uma frase Ã© jÃ¡ distorcem tudo.... e claro...segundo exame daria positivo, as pessoas ficam 15 dias em quarentena....como em 1 semana daria negativo....e o remÃ©dio amenizou o vÃ­rus...daÃ­ me paciÃªncia",Positivo
Como pode distorcer as coisas assim,Positivo
Um presidente honesto incomoda muita gente,Positivo
"Onde tem? Queria ficar incomodada por um presidente honesto, nunca tive o prazer  ğŸ˜¢",Neutro
basta acompanhar o nosso atual presidente. No Ã¡pice dos rombos e das impunidades de 2003 a 2016 ele nÃ£o se corrompeu. Quem disse isso foi os prÃ³prios traficantes do Rio de Janeiro em depoimento,Positivo
"Ã” poxa, os traficantes do rio?  ğŸ˜± Ainda bem que ele mudou a seguranÃ§a do Rio, nÃ©? Sempre pensando no bem estar dos filhos. Certamente estÃ£o protegidos dos traficantes agora",Neutro
honesto Ã© kkkkkkkkkkk,Neutro
", os traficantes?! Nossa, que referÃªncia... kkkkkkkkkkkkkkkk",Neutro
https://youtu.be/Qmd4xh5K-dc BOLSONARO Ã‰ CITADO POR BEIRA MAR. YOUTUBE.COM BOLSONARO Ã‰ CITADO POR BEIRA MAR. BOLSONARO Ã‰ CITADO POR BEIRA MAR.,Neutro
Vejam por si sÃ³. Ou vÃ£o achar que Ã© montagem,Neutro
https://youtu.be/Qmd4xh5K-dc BOLSONARO Ã‰ CITADO POR BEIRA MAR. YOUTUBE.COM BOLSONARO Ã‰ CITADO POR BEIRA MAR. BOLSONARO Ã‰ CITADO POR BEIRA MAR.,Neutro
https://youtu.be/Qmd4xh5K-dc O choro Ã© livre BOLSONARO Ã‰ CITADO POR BEIRA MAR. YOUTUBE.COM BOLSONARO Ã‰ CITADO POR BEIRA MAR. BOLSONARO Ã‰ CITADO POR BEIRA MAR.,Neutro
https://youtu.be/Qmd4xh5K-dc ladrao que nÃ£o Ã© BOLSONARO Ã‰ CITADO POR BEIRA MAR. YOUTUBE.COM BOLSONARO Ã‰ CITADO POR BEIRA MAR. BOLSONARO Ã‰ CITADO POR BEIRA MAR.,Neutro
https://youtu.be/Qmd4xh5K-dc Chupa seus antis  ğŸ˜†  ğŸ˜† BOLSONARO Ã‰ CITADO POR BEIRA MAR. YOUTUBE.COM BOLSONARO Ã‰ CITADO POR BEIRA MAR. BOLSONARO Ã‰ CITADO POR BEIRA MAR.,Neutro
", nossa, um criminoso dando referÃªncias sobre a pessoa do presidente Ã© realmente algo muito honroso, rsrsrsr..",Neutro
isso mÃ©rito nÃ£o vou discordar,Neutro
", Ã©, cada um tem a referÃªncia que merece... diga-me com quem andas, e eu direi se vou contigo ou nÃ£o...  ğŸ¤·ğŸ»â€â™€ï¸ ... referÃªncia de bandido? TÃ´ fora!",Neutro
Mais bandidos do que eles fizeram? Com os maiores rombos da histÃ³ria? ğŸ˜†  ğŸ˜†  ğŸ˜†  ğŸ˜†,Neutro
", nÃ£o nego que a gestÃ£o passada teve roubos, e muitos! Agora, afirmar categoricamente que o bozo Ã© honesto? Ã‰ fanatismo demais...",Neutro
"Deixe de ser tolo e levar tudo para o lado polÃ­tico. Estamos falando de saÃºde, vidas e crise mundial na saÃºde. Um lÃ­der deveria chamar para si, aglutinar os trÃªs nÃ­veis da saÃºde, apresentando postura, seriedade e respeito numa situaÃ§Ã£o tÃ£o grave como essa. Mostrar estratÃ©gias, opÃ§Ãµes de conduta, baseados em experiÃªncias dos que jÃ¡ estavam lidando a mais tempo com a Covid. Mas ele preferiu dizer coisas como ""nÃ£o sou coveiro"". Eu votei em Bolsonaro desde seu primeiro mandato como vereador, atÃ© a penÃºltima eleiÃ§Ã£o. AtÃ© hoje, recebo propaganda polÃ­tica dele e de seus filhos, de seu comitÃª na Rua DivisÃ³ria, em Marechal Hermes. EntÃ£o, meu caro, minha postura vai muito alÃ©m da questÃ£o polÃ­tica.",Neutro
tudo desonesto porque o sistema ajuda,Neutro
Ele nÃ£o Ã© mÃ©dico kkkk,Positivo
Bolsonaro 2022,Positivo
"Ã© um palhaÃ§o, mas adoro ele",Positivo
"Na realidade ele disse que se.semte.melhor desde.que tomou e falou o Ã³bvio para a pergunta se ele recomenda ""nÃ£o recomenda nada, recomendo que vocÃª procure seu mÃ©dico"".",Positivo
sensato,Positivo
tbm acho.,Positivo
"Pois Ã©, sensato. A imagem pode conter: 1 pessoa, telefone, texto que diz ""sis G""",Positivo
"Depois de fazer uma propaganda, e mandar fabricar milhÃµes de doses, Ã© considerado sensato nÃ© kkkkkkkkkkkkkkkkk",Negativo
nÃ£o quer? NÃ£o toma! Ele estÃ¡ certÃ­ssimo,Positivo
"tratamento ele tÃ¡ dando, nÃ£o quer usar? Espere a morte!",Positivo
"Sim, certÃ­ssimo. Kkkkkkkkkk",Positivo
TÃ¡ cada vez mais difÃ­cil ser apoiador  ğŸ™Š,Neutro
porque nÃ£o Ã© apoiador ele falou a verdade c nÃ£o concorda simples nÃ£o toma,Positivo
pergunta pra seu mÃ©dico falou TUDO PRESIDENTE,Positivo
Ele nÃ£o Ã© medico. NÃ£o tinha que dÃ¡ palco a receituÃ¡rio mÃ©dico. E o que ele mais fez; deu palco. Deve ser responsabilizado.,Negativo
"LEIAM https://www.google.com/url?sa=t&source=web&rct=j&url=https://www.correiobraziliense.com.br/app/noticia/politica/2020/07/16/interna_politica,872688/amp.html&ved=2ahUKEwjSlo6_7NLqAhXvQd8KHYH1Dz0QFjAHegQIBRAC&usg=AOvVaw2RB7SWA3ZPjKlxT9UiKURm&ampcf=1 NÃ£o recomenda? 6 vezes que Bolsonaro defendeu uso da cloroquina CORREIOBRAZILIENSE.COM.BR NÃ£o recomenda? 6 vezes que Bolsonaro defendeu uso da cloroquina NÃ£o recomenda? 6 vezes que Bolsonaro defendeu uso da cloroquina",Negativo
"SÃ³ fazer 2 exames cardiacos por dia, tranquilo, qqr pode",Neutro
"Se o cara fala ""Cloroquina Ã© boa"", o povo critica. Se ele fala: ""NÃ£o recomendo mais nada, procurem seus mÃ©dicos"", o povo critica... kkkkk mas gostei mais do ultimo conselho, procura seu mÃ©dico pq presidente nÃ£o tem CRM mesmo...",Positivo
Querem morrer ? fodam-se . Procura-se desesperadamente um doente com lÃºpus e que faz uso de Hidroxicloraquina que morreu de covid .,Positivo
Esse Ã© mais doido que eu,Neutro
"Sim, procure um mÃ©dico, ele nao vai receitar para vc.",Positivo
"Seguinte: quer beber bebe, nÃ£o quer nÃ£o bebe. E larga do pÃ© chulÃ©!!!!",Positivo
"Eu nÃ£o tomaria a Hidroxicloroquina, tomaria a ivermectina e azitromicina sÃ£o esses medicamentos que os mÃ©dicos estÃ£o prescrevendo aqui com bons resultados pois jÃ¡ tivemos queda no nÃºmero de Ã³bitos, estamos estabilizados e olha que o povo vive na rua, em festinhas e churrascos...",Negativo
Toma quem quer e parem de ser chatos,Positivo
tÃ£o fÃ¡cil!  ğŸ™„,Positivo
"le, curte quem quer a postagem  ğŸ˜Š . Vamos parar de ser chatos  ğŸ˜",Positivo
hahaha,Neutro
"acho que jogam tÃ³picos desse grupo em algum grupo bolsonarista para virem defender o seu Ã­dolo, porque nÃ£o Ã© possÃ­vel tanto gado  ğŸ˜‚  ğŸ˜‚",Negativo
"em grupo da Covid onde o que eles defendem esta ajudando a dissiminar a doenÃ§a. Ou sÃ£o malucos ou doentes, sÃ³ pode. NÃ£o tem coerencia alguma  ğŸ˜",Negativo
"Uai. Ele sÃ³ fez a sua obrigaÃ§Ã£o. Divulgar como estÃ¡ se curando. Obrigada, Presidente RepÃºblica Federativa do Brasil  ğŸ‡§ğŸ‡· Jair Messias Bolsonaro",Positivo
"Minha cidade tem uma das taxas de mortalidade mais baixa, e um dos estados com menos casos. Foi alvo de pesquisas e o parecer foi totalmente favorÃ¡vel ao uso. https://cgn.inf.br/noticia/associacao-medica-da-parecer-favoravel-para-protocolo-de-hidroxicloroquina-em-cascavel AssociaÃ§Ã£o MÃ©dica dÃ¡ parecer favorÃ¡vel para protocolo de hidroxicloroquina em Cascavel - CGN CGN.INF.BR AssociaÃ§Ã£o MÃ©dica dÃ¡ parecer favorÃ¡vel para protocolo de hidroxicloroquina em Cascavel - CGN AssociaÃ§Ã£o MÃ©dica dÃ¡ parecer favorÃ¡vel para protocolo de hidroxicloroquina em Cascavel - CGN",Positivo
que maravilha!!  ğŸ™ŒğŸ»,Positivo
serio?!?! Aqui na minha cidade os nÃºmeros tb sÃ£o baixos e estamos tratando com simpatia. Muito bom tb!,Neutro
"legal, publica no jornal e manda pra gente",Neutro
"Errado nÃ£o tÃ¡, ele nÃ£o Ã© mÃ©dico pra recomendar alguma coisa",Positivo
mas vc sabia que mesmo nÃ£o sendo mÃ©dico ele JA RECOMENDOU? Leu a matÃ©ria?,Negativo
"https://www.correiobraziliense.com.br/app/noticia/politica/2020/07/16/interna_politica,872688/nao-recomenda-6-vezes-que-bolsonaro-defendeu-uso-da-cloroquina.shtml  NÃ£o recomenda? 6 vezes que Bolsonaro defendeu uso da cloroquina CORREIOBRAZILIENSE.COM.BR NÃ£o recomenda? 6 vezes que Bolsonaro defendeu uso da cloroquina NÃ£o recomenda? 6 vezes que Bolsonaro defendeu uso da cloroquina",Negativo
Cara ridÃ­culo.,Negativo
"""â€CAPITÃƒO CLOROQUINA, HERÃ“I DOS FRASCOS E COMPRIMIDOS... ISOLAMENTO SOCIAL? CLOROQUINA! COMPROVAÃ‡ÃƒO CIENTIFICA? AJUDA AOS ESTADOS? CLOROQUINA! CLOROQUINA! COMUNISMO? Ø¯ DÃ“LAR NAS ALTURAS? CLOROQUINA! NOVO MINISTRO DA SAÃšDE? CLOROQUINA! CLOROQUINA! à¤¨à¤ªà¥‚à¤£â€""â€",Negativo
Mas vi na TV ele dizendo que estÃ¡ fazendo uso desses medicamentos.,Positivo
NÃ³s aprovamos a Cloroquina.,Positivo
"Essa turma estÃ¡ com o presidente. Cloroquina jÃ¡! A imagem pode conter: 4 pessoas, texto que diz ""SÃ³ de olho""",Positivo
"A chamada Ã© tendenciosa como sempre nesse jornaleco. Ele continua defendendo, mas foi obrigado pela justiÃ§a a mudar a forma de falar, povo chato",Positivo
Sem comentÃ¡rios nosso paÃ­s esta perdido se nÃ£o Ã© ladrÃ£o Ã© louco,Neutro
"Coitado desse ser, estÃ¡ perdido, e estÃ¡ bagunÃ§ando o Brasil.  ğŸ˜¥  ğŸ˜¥  ğŸ˜¥  ğŸ˜¥",Negativo
Oque fala sentado nÃ£o sustenta em pÃ©. Ã‰ normal. A gente jÃ¡ espera de tudo,Negativo
SÃ³ dÃ¡ pÃ©ssimos exemplos,Negativo
E quem arca com os custos da imensidÃ£o de cloroquina que foi produzida? Ou isto tbm Ã© lorota?,Negativo
"Ele continua tomando... NÃ£o entendi pq vcs estÃ£o tÃ£o eufÃ³ricos. A imagem pode conter: 2 pessoas, texto que diz ""Delegado Cavalcante agora. 25 min estÃ¡ ao vivo Presidente Bolsonaro ao vivo AO VIVO 819 819 urtir  Comentar Compartilhar""",Positivo
"ahhhhh fala sÃ©rio , jÃ¡ ouviu falar em jogada de Marketing , essa jogada existe pra todo tipo de propaganda , os mais inteligentes nÃ£o costumam cair nela , jÃ¡ os lerdos acham q Ã© verdade ğŸ¤·ğŸ¼â€â™€ï¸  ğŸ¤·ğŸ¼â€â™€ï¸  ğŸ¤·ğŸ¼â€â™€ï¸  ğŸ¤·ğŸ¼â€â™€ï¸  ğŸ¤·ğŸ¼â€â™€ï¸  ğŸ¤·ğŸ¼â€â™€ï¸",Negativo
querida ele vai pendurar as caixinhas atÃ© no pescoÃ§o como se fosse colar! Marketing,Negativo
tÃ¡ bem,Positivo
alguma de vcs jÃ¡ tomou?,Positivo
Vcs jÃ¡ tiveram?,Positivo
"nÃ£o necessito , sÃ³ q como quÃ­mica e estudante de enfermagem tenho conhecimentos .",Negativo
"NÃ£o recomenda, sÃ³ incentiva em rede nacional com o remÃ©dio do lado",Negativo
mentiroso..,Negativo
Ele foi proibido de falar ..mas nÃ£o de mostrar,Negativo
inacreditÃ¡vel,Neutro
Esse grupo Ã© pra falar sobre o Covid ou sobre o Bolsonaro? Tem mais postagens sobre esse homem do que outra coisa. Jesus! Zzzzzz,Neutro
e a postagem nÃ£o fala sobre a Covid?,Neutro
mimimimi,Neutro
ja esperava rsrsrs,Neutro
"Chamada ridÃ­cula e tendenciosa. Ele nÃ£o falou nada que a maioria aqui jÃ¡ nÃ£o saiba. Tomar remÃ©dio, somente com orientaÃ§Ã£o mÃ©dica. E ele por sua vez estÃ¡ fazendo uso porque o mÃ©dico dele indicou.",Positivo
"agora precisa de receita, antes nÃ£o precisava, e de mais a mais se compra no mercado paralelo, tÃ¡ errado ele ir rede nacional falar sobre medicaÃ§Ãµes, pois ele nÃ£o Ã© mÃ©dico e a mÃ©dicaÃ§ao nÃ£o foi compravada no mundo que cura.",Negativo
"isso causa o relaxamento do isolamento, pois tem gente que acha que essa Ã© a soluÃ§Ã£o pra curar",Negativo
"desculpa, mas conheÃ§o mÃ©dicos que estÃ£o na linha de frente que alÃ©m de fazerem o tratamento profilÃ¡tico, tambÃ©m prescrevem para seus pacientes e estÃ£o tendo Ã³timos resultados. Prefiro estar empiricamente viva, do que cientificamente morta.",Positivo
"nada comprovado, nÃ£o se toma sÃ³ essa medicaÃ§Ã£o, toma antibiÃ³ticos, e especialistas do mundo inteiro sabem disso. Pq o mundo nÃ£o aprova?",Negativo
"o mundo inteiro nÃ£o aprova? VÃ¡rios paÃ­ses estÃ£o usando, mas isso as ""grandes"" mÃ­dias nÃ£o divulgam. Assim como aqui no Brasil, mÃ©dicos de outros paÃ­ses tambÃ©m estÃ£o fazendo uso desse medicamento. A questÃ£o toda Ã©, entre outras coisas, o interesse financeiro dos grandes laboratÃ³rios. Pensa um pouco. Por que lutam tanto contra um medicamento barato e sem patente usada Ã  tantos anos Ã© tÃ£o perigosa. E as vacinas que Ã© necessÃ¡rio vÃ¡rias anos para poder ser aplicado em seres humanos, em 7 meses jÃ¡ Ã© a promessa de salvaÃ§Ã£o?",Positivo
"imagina, estamos falando do mundo, isso Ã© papo polÃ­tico do Brasil, paÃ­ses de primeiro mundo nÃ£o estÃ£o nessa guerra, eles estÃ£o atrÃ¡s de resultados. Nada comprovado",Negativo
antibiÃ³ticos sim sÃ£o comprovados,Negativo
"o estado de saÃºde tbm da pessoa, os hÃ¡bitos, histÃ³rico de doenÃ§as, tudo isso faz a diferenÃ§a",Negativo
"https://www.youtube.com/watch?v=MNJcJsm20uU Entrevista a Rashid Buttar. Fraude a nivel mundial (OMS, CDC, Bill Gates, medios de comunicaciÃ³n). YOUTUBE.COM Entrevista a Rashid Buttar. Fraude a nivel mundial (OMS, CDC, Bill Gates, medios de comunicaciÃ³n). Entrevista a Rashid Buttar. Fraude a nivel mundial (OMS, CDC, Bill Gates, medios de comunicaciÃ³n).",Positivo
"o estado de saÃºde tbm da pessoa, os hÃ¡bitos, histÃ³rico de doenÃ§as, tudo isso faz a diferenÃ§a. Isso tbm concordo, atÃ© pq antes disso tudo, a OMS afirmava que sÃ³ pessoas com comorbidades e de idade avanÃ§ada, eram os mais afetados, porÃ©m nÃ£o Ã© isso que vemos no mundo.",Positivo
Meu Deus!!! A postagem Ã© sobre a Hidroxicloroquina e nÃ£o sobre o Presidente!!! Antes que me chame de gado vou logo avisando que nÃ£o tenho partido polÃ­tico!! Tudo vira discussÃ£o polÃ­tica!!! Estamos no meio de uma Pandemia precisamos nos unir para sair dessa vivos e nÃ£o ficar nessa guerra polÃ­tica Nosso inimigo Ã© invisÃ­vel que estÃ¡ levando vidas todos os dias!!!,Positivo
Ups,Neutro
"Vagabundo, ficou ate agora empurrando essa merda guela abaixo, agora porque ia ser processado fica se fazendo.",Negativo
"Obvio que o 2o teste vai dar positivo, nÃ£o deu o tempo mÃ­nimo de 14 dias! Obvio que a matÃ©ria Ã© tendenciosa, so que a maioria sÃ³ lÃª o que convÃ©m!",Positivo
"na verdade nem lÃª, sÃ³ vÃª a chamada mesmo.",Positivo
"a questÃ£o Ã© sobre ele dizer que precisa procurar um mÃ©dico qdo ele vai em rede nacional mostrar e falar sobre um medicamento numa crise tÃ£o sÃ©ria, ele nÃ£o Ã© mÃ©dico, ele passa por cima de qualquer especialista, tÃ¡ errado",Negativo
"que precisa procurar um mÃ©dico Ã© obvio, mas pq nÃ£o divulgam que os mÃ©dicos de rico recomendam a hidroxicloroquina e que as mortes do prevent senior diminuiram com a dose e protocolo corretos? Talvez pq os mÃ©dicos nÃ£o estÃ£o tÃ£o habilitados assim e nÃ£o se interessam em cuidar de quem busca um hospital pÃºblico. A briga parece mais polÃ­tica do que de interesse na saÃºde.",Positivo
"sim mais um caso errado, Ã© uma medicaÃ§Ã£o que precisa ser monitorada, os menos favorecidos nÃ£o tem como ter esse contato em casa com mÃ©dicos e pra completar o SUS por exemplo, tem falta de aparelho de eletrocardiograma...complicado nÃ©? Ahhhh Einstein e SÃ­rio nÃ£o estÃ£o recomendando",Negativo
"Einstein e SÃ­rio nÃ£o estÃ£o recomendando na teoria, pq na prÃ¡tica...",Positivo
"resumindo, vamos dar valor pra especialistas e profissionais da saÃºde, eles estudaram pra isso, e os do mundo inteiro nÃ£o tem certeza e prova de nada nÃ©",Negativo
"jÃ¡ fui vÃ­tima de muitos erros mÃ©dicos e perdi meu melhor amigo no Hospital do Campo Limpo, pq demoraram 4 dias pra operÃ¡-lo da apÃªndice...o mÃ©dico do hospital ignorou a recomendaÃ§Ã£o do colega da UPA e nÃ£o tinha cirurgiÃ£o no hospital...qdo a mÃ©dica cirurgiÃ£ pediatra chegou deu uma carcada na equipe toda...nÃ£o fizeram tomo, simplesmente largaram ele...que ainda tinha problemas plaquetarias e sem uso do remedio continuo.",Positivo
"E nÃ£o vms generalizar profissionais, a maioria sÃ£o uns herÃ³is, nÃ£o estÃ£o envolvidos com polÃ­tica. Essa idolatria por um presidente de alguns chega a ser ridÃ­culo, sÃ³ estÃ¡ atrasando mais a vida da gente. PolÃ­tico Ã© pra ser cobrado, ainda mais numa crise dessas. E olha vou te falar, eu nÃ£o sou da esquerda, eu votei nele, mas estou indignada com as atitudes e postura dele. Mas enfim querida, vamos orar e torcer mto por um final feliz.  ğŸ™ Boa noite",Negativo
"eu tive um irmÃ£o que sofreu dez anos, se vocÃª me perguntar de hospitais de SP, eu sei falar de quase todos, te juro. E eu hÃ¡ 7 anos atrÃ¡s tive um aneurisma cerebral, fiquei um mÃªs na UTI entre a vida e a morte, sabe quem me salvou? Foi uma mÃ©dica bem novinha do interior do nordeste, que fazia residÃªncia aqui em SP no Hospital Metropolitano do ButantÃ£. Sabe pq ela me salvou? Pq ela nÃ£o fez um diagnÃ³stico de uma enxaqueca, ela foi mais fundo e os bam bam bans que depois me atenderam, diziam, agradeÃ§a aquela mÃ©dica que te deu o primeiro atendimento, ela te salvou. Enfim, te digo de novo, polÃ­tico aqui no Brasil nÃ£o presta nenhum, jÃ¡ virou um hÃ¡bito ruim polÃ­tico nesse paÃ­s.",Negativo
Cada coisa viu achando que sair por ai tomando tudo que vai ta curado,Negativo
"Ã‰ um mau-carÃ¡ter, um lixo humano.",Negativo
uÃ© uÃ© uÃ©????,Neutro
IrÃ´nico,Neutro
"Melhor ter ficado calado sobre o medicamento desde o inÃ­cio. E ter continuado com as reuniÃµes abaixo, em espaÃ§os de tempo mais curtos, ouvindo as recomendaÃ§Ãµes da equipe inicial do MinistÃ©rio da saÃºde. Sem isso, o combate a pandemia ficou sem rumo, a populaÃ§Ã£o sem saber o que fazer http://bvsms.saude.gov.br/bvs/sus/comissoes.php Ãrea TemÃ¡tica Sistema nico de Sade BVSMS.SAUDE.GOV.BR Ãrea TemÃ¡tica Sistema nico de Sade Ãrea TemÃ¡tica Sistema nico de Sade",Negativo
Tubaina,Neutro
Vergonha Ã© apoiar Lula e Dilma e as ratazanas que os acompanham.,Positivo
"Bozoloide, o que tem haver o Cool com as calÃ§as. A bola da vez Ã© esse VERME INÃšTIL. O pior lÃ­der mundial na pandemia.",Negativo
"um erro nÃ£o justifica o outro, cada um com sua culpa",Neutro
"Acho lindo esse povo que distorce frase. Ainda mais lindo, esse povo que nÃ£o percebe que Bolsonaro nao Ã© mÃ©dico pra recomendar algo a alguÃ©m. Existe uma linha tÃªnue entre concordar sobre o uso e recomendar Ã s pessoas. E olha, eu nem sou bolsonarista. Aâ€¦Ver mais",Positivo
Essa porra Ã© louca!! SÃ³ fala fezes!,Neutro
E agr ? Kkkk,Neutro
Ainda bem que nÃ£o indica. Kkk Ainda mente. 0:00 / 0:20,Negativo
sem vergonha  ğŸ˜¡,Negativo
tem nenhuma.,Negativo
ele foi irÃ´nico.,Neutro
e vÃ£o dizer q Ã© montagem!! Kkkk,Neutro
Esse Aquele tipo de chamada tendenciosa onde as pessoas nÃ£o lÃªem a matÃ©ria e saem opinando na forÃ§a do Ã³dio! Afz! ğŸ¤¦ğŸ½â€â™€ï¸,Positivo
"https://g1.globo.com/bemestar/coronavirus/noticia/2020/07/16/hidroxicloroquina-nao-e-eficaz-no-tratamento-de-casos-leves-da-covid-19-aponta-estudo.ghtml Hidroxicloroquina nÃ£o Ã© eficaz no tratamento de casos leves da Covid-19, aponta estudo G1.GLOBO.COM Hidroxicloroquina nÃ£o Ã© eficaz no tratamento de casos leves da Covid-19, aponta estudo Hidroxicloroquina nÃ£o Ã© eficaz no tratamento de casos leves da Covid-19, aponta estudo",Negativo
ğŸ’š  ğŸ’› B17,Positivo
A o boneco mudou de ideia e,Negativo
. NÃ£o leu a matÃ©ria nÃ©. Link Ã© pra abrir. A chamada nem sempre condiz com o que a pessoa falou realmente. Ele nÃ£o recomenda pra mim nem pra ninguÃ©m. Apenas fala pra cada um procurar um mÃ©dico. Ele estÃ¡ sendo tratado com esse medicamento e estÃ¡ dando certo. Espero ter Ajudado  ğŸ˜,Positivo
E meu sobrinho e Ficou bom com esse remÃ©dio. E filho da minha amiga e a esposa dele que Ã© mÃ©dica tb sendo que ele jÃ¡ estava com 35% do pulmÃ£o comprometido. GraÃ§as a Deus eles estÃ£o curados.,Positivo
. As pessoas nÃ£o querem nem cogitar a possibilidade.  ğŸ¤·ğŸ»â€â™€ï¸,Positivo
Bobo da corte,Negativo
palhaÃ§o,Negativo
Maldito.,Negativo
TÃ¡ certo ele nÃ£o Ã© mÃ©dico pra recomendar nada kkkkk,Positivo
Kkkkkkkkk sÃ³ rindo desse idiota...,Negativo
Mentiroso nojento de uma figa!!!!! Como pode seus cegos seguidores te apoiar depois de tds as suas mentiradas escancaradas!?!?!?! NÃ£o me conformo!!! Nunca fui com a tua fuÃ§a!!! NÃ£o votei em vc e jamais votarei!!!  ğŸ¤¬  ğŸ¤¬  ğŸ¤¬  ğŸ¤¬  ğŸ¤¬,Negativo
Capacho do Trump.,Negativo
"Cada um usado que quer. O Presidente usa cloroquina, mas nunca ordenou usar. Use se acredita.",Positivo
"sÃ³ BR mesmo pra usar remÃ©dio da mesma forma que usa ""simpatias"", ""macumba"", ""Ã¡gua benta"" e ""oraÃ§Ãµes"".",Negativo
se vocÃª usa essas â€œ coisasâ€ que citou que lhe faÃ§am bem! Bolsonaro e eu usamos Deus acima de tudo!,Positivo
"deixa Deus fora disso. Desde quando Jesus foi a favor de tortura e maltratou as minorias? Desde quando? Vc tem todo o direito de apoiar essa besta, afinal vivemos numa democracia. Mas deixe de ser hipÃ³crita e diga: apoio pq eu odeio pobre, preto, Ã­ndio, gay. A ditadura deveria ter matado 30 mil, pq eu sou a favor da tortura! Mulher tem que ganhar menos que homem. Gay tem que levar porrada! "" Agora dizer que Ã© de Deus Ã© palhaÃ§ada nÃ©... Toma vergonha nessa sua cara e assuma o seu pacto com o Belzebu, pq Ã© pra casa dele que vc vai quando morrer.",Negativo
mandou ver !!! ParabÃ©ns,Neutro
"aplausos, agora tudo Ã© em nome de Deus!",Neutro
ğŸ‰  ğŸŠ  ğŸ†  ğŸ‡,Neutro
"Mas ciÃªncia nÃ£o eh baseada em fÃ©, nÃ©, mas em evidÃªncias. Esse anticientificismo de hj Ã© perigosÃ­ssimo",Negativo
usam . Ainda compram receita falsificada lÃ¡ na se remÃ©dio tbm bando de boco,Neutro
tenho pena de vocÃª por ter pensamentos tÃ£o maus! Mas se quer saber sou a favor do AI5 para o Brasil voltar a crescer e idiotas passarem a valorizar o que Ã© bom. A forÃ§a!... Que Deus lhe traga a paz que lhe falta!,Positivo
"se o AI5 voltasse, o que nÃ£o vai vai acontecer nunca, vc teria que rezar pra nÃ£o receber uns ratos na vagina. Sai daqui, filhote de cruz credo, filhote do cramunhÃ£o, filhote de diabinho da garrafa.",Negativo
"sÃ³ tenho pena de vocÃª por ser tÃ£o mal educada. Leia, estude um pouquinho, muito feia a sua forma de expressar! VocÃª pode dizer o que quiser de maneira polida. Ou nÃ£o sabe ser polida? Deve ser o meio em que vive! Reze, procure apaziguar seu coraÃ§Ã£o. Bolsonaro Ã© o Messias. Respeite seu Presidente! Depois torÃ§a para seus corruptos em 2022. Mas acredite, eles nunca mais voltarÃ£o! Seja feliz! Mas escreva bonito tÃ¡?",Positivo
"sai daqui, Jesus da goiabeira.",Negativo
com essa cara de maracujÃ¡ podre de gaveta vc tÃ¡ Ã© assustando as pessoas. Doida varrida!,Negativo
"SÃ³ posso acreditar em uma coisa, depois do comentÃ¡rio dessa aÃ­ de cima: - pegou e vÃ­rus e afetou o cÃ©rebro de vez... sÃ³ pode!!!!  ğŸ¤¦ğŸ»â€â™€ï¸  ğŸ¤¦ğŸ»â€â™€ï¸  ğŸ¤¦ğŸ»â€â™€ï¸  ğŸ¤¦ğŸ»â€â™€ï¸",Negativo
vocÃª nÃ£o me conhece. Calma lÃ¡! Quem deve fazer uso de â€œ certasâ€ coisas Ã© vocÃª! Para ser tÃ£o desrespeitosa sÃ³ sob efeito!...PÃµe Deus no coraÃ§Ã£o em vez de â€œ outras coisasâ€ o afetarem! Lhe desejo o bem! Se cuide!!!!,Positivo
", graÃ§as a deus q nÃ£o te conheÃ§o! E faÃ§o uso sim, de certas coisas.... como cÃ©rebro, senso do certo e errado, discernimento... ridÃ­culo... entre outras. E por favor, nÃ£o coloque o nome de Deus em vÃ£o. Depois q esse homem assumiu o poder, parece coisa... o Brasil foi afetado por tantas pragas.... meu Brasil sempre foi abenÃ§oado... e atÃ© furacÃ£o... nÃ£o vejo a hr q esse extrume saia de lÃ¡. SerÃ¡ logo, eu creio!!!  ğŸ™  ğŸ™ ah.. nem precisa se dar ao trabalho de replicar, caso queira, nÃ£o vou perder meu tempo respondendo.  ğŸ˜˜",Negativo
"o brasileiro mereÃ§e o PR que elegeu, o melhor a se fazer, Ã© fugir dessa privada dos E.U.A.",Neutro
"Ele nÃ£o recomenda, ele disse que usa quem quer. EngraÃ§ado que vcs vÃ£o na farmÃ¡cia e compram remÃ©dios pra dor de cabeÃ§a, pÃ­lula do dia dia seguinte, vÃ¡rios outros remÃ©dios sem prescriÃ§Ã£o mÃ©dica e agora ficam aÃ­ julgando o cara.",Positivo
"o cara, ok",Neutro
"o cara, o homem, o Presidente uÃ©.!",Neutro
tinha entendido,Neutro
Sem.postura politica sem poder.sem diplomacia,Neutro
"Ele nÃ£o recomenda, assim como nÃ£o sabia onde estava Queiroz, assim como nÃ£o recebeu propina da PetrobrÃ¡s, assim como nÃ£o... Ã© coveiro!! Ah, isso Ã© verdade!!  ğŸ¤¬  ğŸ¤¬  ğŸ¤¬  ğŸ¤¬",Negativo
Leiam seus preguiÃ§a,Positivo
Ele nÃ£o disse assim. Eu tomo mas nÃ£o estou recomendando p vc. Vai no seu mÃ©dico mas eu tomo e acredito,Positivo
"Safado ,rei dos trouxas.",Negativo
"Kkkkkk Bolsonaro disse oque os mÃ©dicos sensatos recomendam, ele disse que a cloroquina ajuda, mas disse pra procurar o mÃ©dico para que o profissional faÃ§a o exame e receite o remÃ©dio ideal, cada caso Ã© um caso, cada corpo tem o seu prÃ³prio sistema imunolÃ³gico, #bolsonarotemrazao",Positivo
"Se ele tivesse dito que recomenda pq tomou e ficou bom e imprensa diria que estÃ¡ fazendo publicidade ao povo  ğŸ˜• Ele jÃ¡ tÃ¡ cansado de mimimi de mÃ­dia e gente do contra. Quem quer tomar, toma e quem nÃ£o q nÃ£o toma. Foda - se ! Muitos ainda vÃ£o pegar o Covid antes da vacina ser distribuida com seguranÃ§a. Talvez alguns acham que chegar ruim ao hospital e serem entubados sÃ©ria melhor p saÃºde e com mais chance de sobreviver... entÃ£o, boa sorte e parem de encher o saco, porra. Isso cansa  ğŸ˜ ",Positivo
"A maioria nem lÃª o que realmente diz a matÃ©ria, e da minoria que lÃª, poucos entendem  ğŸ™„ , que povinho mimizento  ğŸ˜’  ğŸ˜‘  ğŸ¤®",Positivo
verdade. A maioria nÃ£o sabe nem oque estao falando. Mas o coraÃ§Ã£o tÃ¡ cheio de Ã³dio e precisam esvaziar.,Positivo
"verdade, um Ã³dio sem fundamentos... Vivem em busca do que reclamar, como se antes vivÃªssemos num paÃ­s maravilha.",Positivo
ğŸ‘  ğŸ‘  ğŸ˜˜,Neutro
O homem retardado...,Neutro