"O mesmo que mandou injetar desinfetante nos pulm√µes dos pacientes  üôÑ , grande refer√™ncia.",Negativo
"exatamente Bozo est√° se lixando para o povo! ele disse que um dia todos v√£o morrer, ent√£o para ele tanto faz agora ou depois louco  ü§¶‚Äç‚ôÄÔ∏è  üòí",Negativo
Tomara q ele aumente a dose,Negativo
"Povo toma RIVOTRIL, DIAZEPAN e outros que deprimem o sistema respirat√≥rio....O que √© a CLOROQUINA perto dos anti depressivos?? Kk",Neutro
",, muito triste ver uma pessoa como voc√™, da √°rea da sa√∫de ou ex-√°rea da sa√∫de, fazer um coment√°rio desse. Mas enfim...  ü§∑üèª‚Äç‚ôÄÔ∏è",Positivo
"Lica, minha m√£e usa cloroquina pra l√∫pus.. .h√° anos, eu uso anti depressivos, conhe√ßo bem os 2 pra escrever o que escrevi.",Neutro
", mas sabe muito bem, que um organismo n√£o √© igual ao outro. E o q √© bom pra vc, pode n√£o ser para mim. Existem pessoas que tem alergia, at√© de dipirona. E que somente m√©dicos, podem receitar rem√©dios desse calibre q vc citou... os tarjas preta. Mas h√° sim quem consiga, n√£o sou hip√≥crita. Moramos no Brasil. Mas realmente, que o Bozo fale isso... vai l√°. Pq n√£o sabe de nada, mas ver e ouvir as pessoas da √°rea da sa√∫de defender a libera√ß√£o de medicamentos, que t√™m diversos efeitos colaterais... a se auto medicar... √© realmente triste para mim. Pq rem√©dios desse tipo, q s√£o espec√≠ficos para tais doen√ßas, t√™m que ser analisados os riscos benef√≠cio. N√£o estou certa? J√° imaginou, se eu, leiga, dou a cloroquina ao meu filho, pq td mundo t√° tomando pra se prevenir? Filho esse que tem cardiopatia, e de repente causo a morte dele??? Mas enfim... tds t√™m direito a opini√£o...  üòò",Positivo
"Sua ANTA, essas medica√ß√µes sao prescritas por medicos. Copiou e colou, vi essa merda postada em varios lugares. Alem da receita normal tem que ter uma receita azul a parte.",Neutro
Mas em fim nao tenho saco pra debater com vcs.,Neutro
Fal√°cia da falsa equival√™ncia. T√≠pico,Neutro
"Lica, onde vc viu eu defender que QUALQUER PESSOA POSSA USAR?? Ali√°s pq vc afirma e reafirma a minha profiss√£o em rela√ß√£o ao covid 19, e tamb√©m ao ent√£o eleito pela maioria o presidente Bolsonaro? Respeito sua opini√£o sempre e n√£o e...nunca necessit‚Ä¶Ver mais",Neutro
media1.tenor.co,Neutro
"Serio que sao5em receita azul?? N√£o sabia kk...po8s num pa√≠s com tanta gente t√£o esperta como vc, o amigo do amigo do parente do primo do amigo m√©dico, prescreve a droga que vc quer..minha rotina ver esse lixo das pequenas corrup√ß√µes mo√ß‚Ä¶Ver mais",Neutro
Muitos m√©dicos formados no covid 19...muitos hip√≥critas desovando.,Neutro
Voc√™ tem toda raz√£o,Neutro
", eu n√£o falei isso. Mas me deu a entender de alguma forma, mas se entendi errado, pe√ßo desculpas. E eu, em nenhum momento te ofendi. Sempre gostei de vc e sempre te admirei por N... motivos. Vc viu o q escrevi, q sei q muitas pessoas se automedicam, conseguem receitinhas para rem√©dios tarja preta... se l√™ssemos as bulas de cd rem√©dio tbm..., msm.q receitado por m√©dicos, deixar√≠amos de tomar v√°rios. Um anticoncepcional √© capaz de matar.... e tantas mulheres usam, msm sabendo dos riscos... td muito complicado e amplo, n√©?  üòò",Neutro
N√£o,Negativo
"Esse veio nao usa nada, e so para enganar os gado americano",Negativo
N√£o,Negativo
"Eu n√£o. Mas, se o cara √© antici√™ncia a ponto de querer arriscar, vai l√°, fera. MORRA.",Negativo
"O que o ‚Äûda n√°usea‚Äú e o ‚Äûda nojo‚Äú falam n√£o se l√™, n√£o se escreve e nem se leva em considera√ß√£o! J√° diria minha av√≥!",Neutro
Sim,Positivo
N√£o,Negativo
N√£o,Negativo
N√£o e nem se estivesse doente,Negativo
"Por preven√ß√£o n√£o, caso fosse contaminada sim.",Positivo
Eu se achar vou comprar prefiro EU me medicar do que ir para um hospital e ser morta pelo fato de eu j√° ter 68 anos,Positivo
"Esse rem√©dio j√° √© usado no Brasil a mais de 5 d√©cadas.....com certeza Trump N√ÉO √© o √öNICO POL√çTICO q est√° tomando preventivamente (assim como v√°rios m√©dicos tbm) O Problema √© q custa pouco, pode acabar e n√£o JUSTIFICAR mais a GASTAN√áA de dinheiro de governadores superfaturando com a Covid no Brasil, q querem mais √© que o povo morra  üòï ( tanto que j√° abriram covas a riveria ) Eu, sem d√∫vida, compraria e com os primeiros sintomas tomaria sim... Mas dou meu total APOIO √† esquerdalha para q continuem sendo RESIST√äNCIA contra cloroquina  üòâ N√£o comprem, n√£o tomem e nem aceitem em hospitais  üòÅ  üëç",Positivo
Jamais,Negativo
"J√° houve pesquisas s√©rias que comprovaram a inefic√°cia da cloroquina. Aqui no Brasil, Bolsonaro tamb√©m tenta emplacar esse medicamento, mas s√≥ est√° insistindo para tirar o dele da reta, pois foi um imbecil e mandou o ex√©rcito aumentar muito a produ√ß√£o e agora est√° com uma enorme quantia de um medicamento aue n√£o serve e foi gasto dinheiro p√∫blico indevidamente. ELES N√ÉO S√ÉO M√âDICOS, N√ÉO PODEM INDICAR NSM RECOMENDAR NENHUM MEDICAMENTO.. A UNICAMP, uma universidade s√©ria, lan√ßou um comunicado alertando sobre os riscos da cloroquina, destaco um trecho: ""Como reiterado em editorial de 08 de abril de 2020 da British Medical Journal, uma das publica√ß√µes cient√≠ficas da √°rea m√©dica mais respeitadas do mundo, o uso da cloroquina e seus derivados na COVID-19 √© prematuro e potencialmente prejudicial devido a efeitos colaterais amplamente conhecidos pela comunidade m√©dica."" Fonte: https://www.unicamp.br/unicamp/noticias/2020/04/09/unicamp-divulga-nota-sobre-uso-de-cloroquina-e-hidroxicloroquina O pa√≠s est√° sem rumo, o que o governo federal precisa fazer, ele, n√£o faz, bolsonaro s√≥ tumultua e sua atitude n√£o condiz com o cargo que ocupa. √â um celerado! Testes publicados essa semana, na Fran√ßa e na China, comprovam que a CLOROQUINA √â INEFICAZ PARA O TRATAMENTO DO COVID 19: https://olhardigital.com.br/coronavirus/noticia/estudos-na-franca-e-na-china-apontam-ineficacia-da-hidroxicloroquina-contra-covid-19/100824 Unicamp divulga nota sobre uso de cloroquina e hidroxicloroquina UNICAMP.BR Unicamp divulga nota sobre uso de cloroquina e hidroxicloroquina Unicamp divulga nota sobre uso de cloroquina e hidroxicloroquina",Negativo
Sigo a ci√™ncia. Na doen√ßa procure um m√©dico que obedece a ela e n aqueles que jogam seus diplomas e cr√™ em um paraquedista.,Negativo
", com certeza. Os profissionais da sa√∫de est√£o acostumados com esse medicamento, e sabem os graves efeitos colaterais, e, embora inicialmente tivesses cogitado sobre sua efic√°cia para a cura do covid, isso n√£o foi confirmado nas pesquisas. O alto risco que ele traz n√£o pode ser ignorado.",Positivo
Nunca,Negativo
NA NA NI NA N√ÉO Reproduzir GIF Tenor,Negativo
Deixa tomar... o Bolsonaro devia fazer o mesmo.,Negativo
Que se foda o Trump.Ta tomando nada. √â jogada para ajudar o Bolsonaro,Negativo
"voc√™ Falou Tudo, Bolsonero est√° perdido porque gastou milh√µes de dinheiro p√∫blico,para importar a mat√©ria prima da √çndia e Mandou o ex√©rcito fabricar milh√µes de comprimidos,e para se livrar da responsabilidade ele quer enfiar goela abaixo do Povo, n√£o importando se vai matar ou n√£o, pois esse medicamento causa parada card√≠aca,",Negativo
"Ontem ouvi que s√≥ de dizer isso as a√ß√µes (da empresa dele) aumentou muito. Agora diz que vai vender as a√ß√µes. Claro, vai vender na alta.",Negativo
"Isso √© uma afirma√ß√£o estranha, perigosa e tendenciosa se at√© l√° j√° est√£o abandonando... Independente disso tudo que esse ser faz fa√ßa o contr√°rio.",Negativo
"N√£o d√° pra acreditar em uma pessoa que mente ou faz afirma√ß√µes falsas, em m√©dia, 7 vezes por dia!",Negativo
"Melhor seguir orienta√ß√µes m√©dicas... se para algumas pessoas a cloroquina pode trazer algum benef√≠cio.. para outras pode ser gravemente prejudicial e at√© letal... portanto a n√£o ser que a pessoa tenha exames em dia e devidamente interpretados por m√©dico competente √© melhor n√£o seguir o que pol√≠ticos ou amigos falam ... se assim fosse n√£o precisaria de estudar medicina ou pagar consulta m√©dica, bastaria dar um Google e todos os diagn√≥sticos e tratamentos estariam dispon√≠veis  üôÑ",Neutro
"Aqu√≠ en PARAGUAY la venta es libre, tambi√©n en Argentina . Si fuera letal estar√≠a prohibida !! Pausar GIF GIPHY",Positivo
Demente,Neutro
O tramp √© dono da maior f√°brica de cloroquina,Negativo
", errado. !",Neutro
", e o Bozo, √© o garoto propaganda????",Negativo
"Isso explica a obsess√£o dele pela cloroquina, mesmo com todos estudos s√©rio feito mundo afora demonstrando o contr√°rio",Negativo
Deixa ele e Bolsonaro tomar depois se for eficaz tomamos tbm pelo menos n√£o est√£o testando na gente kkk,Negativo
Velho galasseca,Negativo
O presidente USA Tramp s√≥ n√£o falou da onde vem o rem√©dio o pa√≠s. ...nos produzimos Brasil...kkkk,Positivo
Preventivo? N√£o. Doente? Sim.,Positivo
#2022BOSONARO38,Positivo
#2022BOLSONARO38 .#O MELHORH√©lio Augusto Faria,Positivo
como vou discutir com com uma pessoa que foi roubada 16 anos...e quer a volta de ladr√µes.,Positivo
porque a esquerda n√£o deixa ele trabalhar.,Positivo
Claro que mudou. √â por isso que a esquerdalha t√° rasgando o toba de raiva.,Positivo
"Louco,doid√£o...  ü§™  ü§™  ü§™  ü§™  ü§™",Neutro
Duvido que esteja tomando mesmo,Negativo
"Duvido que ele esteja tomando, s√≥ falou isso pois quando sugeriu fazer vacina de Covid usando desinfetante e sab√£o, um grande n√∫mero de pessoas se intoxicaram tomando desinfetante. Ele chegou a essa conclus√£o observando q se lava as m√£os e se usa desinfetante para se livrar do v√≠rus, ent√£o nada melhor que desinfetante na vacina, oq ele quer √© uma corrida de pessoas as farm√°cias atr√°s de cloroquina.",Negativo
Agora vcs entendem a paix√£o de Bolsonaro por Donald Trump? Os afins se atraem,Negativo
"- S√≥ for com gin, lim√£o, √°gua t√¥nica e uma gotinha de angostura !",Neutro
"Uma pessoa em s√£ consci√™ncia,n√£o.",Negativo
Me respeita!,Neutro
Que velho louco,Negativo
"Bem capaz! Ele √© louco, isso sim!",Negativo
"A imagem pode conter: 1 pessoa, texto que diz """"A IDEIA DE DAR A CLOROQUINA, NA CABE√áA DA CLASSE POL√çTICA DO MUNDO, √â QUE, SE TIVER UM REM√âDIO, AS PESSOAS VOLTAM AO TRABALHO. √â UMA COISA PARA TRANQUILIZAR, PARA FAZER VOLTAR SEM TANTO PESO NA CONSCI√äNCIA (..). SE MORRER MORREU!""",Negativo
N√£o tomaria. N√£o sou retardada,Negativo
Quem n√£o quiser tomar que morra  üòÇ  üòÇ  üòÇ,Positivo
quem tomar tem mais chances de morrer.,Negativo
"√â pior, que pq acha que se cura mais dissemina!",Negativo
S√≥ louco toma rem√©dio pra previnir . Pra preven√ß√£o voc√™ toma vitaminas e n√£o rem√©dio .,Negativo
Toma quem quiser povo besta por isso quer ficar em quarenta so pra criticar mais nada,Positivo
Eu n√£o sou louca igual a ele,Negativo
"√ìbvio, ele tem participa√ß√£o nos lucros da cloroquina, t√° fazendo a propaganda dele",Negativo
Ao contr√°rio. HIDROXICLOROQUINA NAO TEM PATENTE. Por isso NAO querem que vc tome. Est√£o matando o povo impedindo que as pessoas vivam.,Positivo
Sem necessidade nunca.e demais √© mentira desta b.....,Negativo
Maioria tomaria... basta s√≥ a globo come√ßa a p√∫blica que quem toma estar√° livre da doen√ßa e poder√° circular normalmente.... vai ter filas em todas as upa e hospitais... gente dormindo nas filas kkkkkk... a m√≠dia e quem dita a caminhada do bonde... ent√£‚Ä¶Ver mais,Positivo
"o povo √© t√£o idiota que era capaz de acontecer isso . Mas deveriam perguntar pq ele n√£o salvou seu pr√≥prio povo .... Que ali√°s j√° passaram de 90 mil mortos . https://www.google.com/amp/s/www.correiodopovo.com.br/not%25C3%25ADcias/geral/eua-passa-de-90-000-mortes-e-1-5-milh%25C3%25A3o-de-casos-de-covid-19-1.424102%3famp=1 EUA passa de 90.000 mortes e 1,5 milh√£o de casos de Covid-19 CORREIODOPOVO.COM.BR EUA passa de 90.000 mortes e 1,5 milh√£o de casos de Covid-19 EUA passa de 90.000 mortes e 1,5 milh√£o de casos de Covid-19",Neutro
"Ele devia ter salvado seu povo ent√£o , porque l√° j√° se passou de 90 mil mortos . https://www.google.com/amp/s/www.correiodopovo.com.br/not%25C3%25ADcias/geral/eua-passa-de-90-000-mortes-e-1-5-milh%25C3%25A3o-de-casos-de-covid-19-1.424102%3famp=1 EUA passa de 90.000 mortes e 1,5 milh√£o de casos de Covid-19 CORREIODOPOVO.COM.BR EUA passa de 90.000 mortes e 1,5 milh√£o de casos de Covid-19 EUA passa de 90.000 mortes e 1,5 milh√£o de casos de Covid-19",Negativo
"Ele √© velho, milion√°rio e poderoso, mas √© burro n√©? Inteligente √© quem n√£o tem dinheiro nem pra viajar e se baseia nas politicagens do Facebook...  ü§¶‚Äç‚ôÄÔ∏è  üòÇ",Positivo
https://www.fox5vegas.com/news/us_world_news/foxs-cavuto-urges-viewers-not-to-take-drug-like-trump/article_6afd9cfc-c722-5d36-bc4c-e436ee6b474a.html  Fox's Cavuto urges viewers not to take drug like Trump FOX5VEGAS.COM Fox's Cavuto urges viewers not to take drug like Trump Fox's Cavuto urges viewers not to take drug like Trump,Negativo
"Pra quem falou que deviam tomar desinfetante, at√© que progrediu, kkkk",Negativo
SIM. E esta certo. Lutem por isso.,Positivo
"A imagem pode conter: 1 pessoa, em p√© e terno, texto que diz ""Defensor da cloroquina, Trump tem participa√ß√£o em fabricante do medicamento Presidente norte americano tem tem participa√ß√£o financeira na Sanofi, que que produz a cloroquina magem Kevin""",Negativo
s√©rio que voc√™ toma rem√©dio sem ter a doen√ßa? Ou voc√™ n√£o reparou direito na pergunta da postagem ?,Negativo
Nao vindo da china ou do macrom ou do PaPA FAZEMOS QUALQUER NEG√ìCIO,Positivo
Tal qual o Bozo. Um imbecil e irrespons√°veis completo fazendo lobby para a ind√∫stria farmac√™utica..,Negativo
Claro que n√£o!,Negativo
"Se for verdade, sorte dos estadunidenses que v√£o ficar sem ele.",Negativo
D√° para o Bozo,Negativo
COM TODA CERTEZA!,Negativo
toma bastante. Muito mesmo.,Negativo
https://www.facebook.com/104654497924395/posts/107996437590201,Neutro
Pra quem tiver tempo e quiser aprender como a infec√ß√£o se propaga pelo corpo e quais s√£o as alternativas para tratamento. https://www.youtube.com/watch?v=UIJCuWvarDY  COVID 19 CORONAVIRUS TRATAMIENTO PARTE 1 YOUTUBE.COM COVID 19 CORONAVIRUS TRATAMIENTO PARTE 1 COVID 19 CORONAVIRUS TRATAMIENTO PARTE 1,Neutro
Ele tem m√©dicos de primeiro mundo pra receita pra ele se tiver qualquer efeito colateral ter√° como ser socorrido agora num Brasil cheio de diab√©ticos e hipertensos sei n√£o,Negativo
"Se tomar preventivamente ajudasse alguma coisa, as pessoas que tomam cloroquina para l√∫pus e artrite reumatoide seriam imunes",Negativo
"Quem acredita em papai noel e coelhinho da P√°scoa, ou cegonha, saci Perer√™, e capaz de acreditar que este louco esta tomando mesmo pra se prevenir, gente pela amor de Deus, em que planeta vcs vivem heimmmmm",Negativo
N√£o sei pq esse que presidente dos USA toma deve ser diferente aqui tem no Brasil,Neutro
Pq ele iria em rede nacional falar que tomar se fosse mentira,Positivo
Acho que se auto medicar √© perigoso pq esta medicacao acelera o batimento card√≠aco eu prefiro reforcar meu organismo com vitaminas C e D e outras do q tomar uma medicacao que dx o figado estra√ßalhado!  üôÑ,Neutro
Ele vende o rem√©dio kkkk fica f√°cil dizer que toma. Tomar rem√©dio sem necessidade √© no m√≠nimo loucura.,Negativo
N√£o,Negativo
"A imagem pode conter: planta e natureza, texto que diz ""Governo gastando bilh√µes em combate ao coronav√≠rus, e um irm√£ozinho de algum lugar sem faculdade em ci√™ncia ou medicina descobre que ch√° de boldo combate os sintomas de covid em tr√™s horas realmente Deus usa as coisas loucas desse mundo pra confundir as s√°bias! Vamos compartilhar se n√£o fizer bem, mal n√£o vai fazer!!!""",Neutro
N√£o,Negativo
T√° explicado essa tara do Bozo por cloroquina,Negativo
Esses s√£o os n√∫meros mais recentes de mortes no Brasil e no mundo. A situa√ß√£o do Brasil √© grav√≠ssima. https://www.youtube.com/watch?v=VmdYIiIdml8&feature=youtu.be COVID-19 Compara√ß√£o Brasil x Outros Pa√≠ses. 20_05_2020 YOUTUBE.COM COVID-19 Compara√ß√£o Brasil x Outros Pa√≠ses. 20_05_2020 COVID-19 Compara√ß√£o Brasil x Outros Pa√≠ses. 20_05_2020,Neutro
porque ser√°. Est√° colocando todo mundo que morri de covid. S√≥ falta colocar os atropelamentos √© assassinados tamb√©m,Neutro
Na minha cidade s√≥ morreu 2. √â si brincar nem fez o exames,Neutro
Sim tiver feito o exame √© for confirmado. Sim √© melhor do que √± tomar nada. Por que si pegar uma mal√°ria tem que tomar,Positivo
"depende. Se a pessoa for portadora de problemas card√≠acos, renais , oculares e outros √© fundamental precisar a rela√ß√£o custo-beneficio.",Neutro
"nenhum m√©dico passa rem√©dio sem saber o estado do paciente. Outra coisa tem as dosagem. Igual fa√ßo uso de um medica√ß√£o que √± pode tomar corticoide. Mas em alguns casos eu tenho que tomar . A√≠ a medica sempre passa dosagem que √± vai mim causar um efeito colateral grave, Intendi",Neutro
Em 2016 a cloroquina era recomendada pelos cientistas para gr√°vidas. 0:00 / 1:48,Positivo
"Gente, mal√°ria √© causada por um protozoario, enquanto Covid-19 √© causada por um v√≠rus",Negativo
Cloroquina √© anti viral tbm.Pode pesquisar.,Negativo
"Cloroquina √© para mal√°ria, que √© causada por um protozo√°rio. Se algu√©m falar que trata a Covid-19 igual, manda estudar ci√™ncias de novo. Protozo√°rio √© uma coisa, v√≠rus √© outra",Negativo
vai explicar isso pra Bolsominions,Negativo
pois √©. Eles fugiram da aula de ci√™ncias,Negativo
N√£o,Negativo
Vindo dele nunca aceitaria nada.,Negativo
N√£o sei se acredito nele.,Negativo
Acho que algu√©m vai morrer,Negativo
obaaaaaaaaa,Negativo
kkkk,Neutro
"Donald Trump est√° fazendo jogada com seu gado. Nada mais, nada menos.",Negativo
Quem toma aumenta risco de morte por causar eleva√ß√£o de risco card√≠aco,Negativo
Como preventivo- controle do stress,Positivo
Ele tamb√©m afirmou que est√° tomando purgante por precau√ß√£o.,Neutro
"Engra√ßado... Trump e Bolsonaro s√£o os embaixadores da cloroquina, j√° liberaram para uso geral na popula√ß√£o e os dois paises encabe√ßam a lista de maiores n√∫meros de mortes, ser√° pq?",Negativo
Pq eles est√£o matando a popula√ß√£o  ü§∑,Negativo
"ele n sei..mas se precisar,yomo,bem,ja tomei ivermectina e td protocolo como preven√ßao.",Positivo
Qual seria a dose preventiva? Vou pedir ao meu m√©dico! Faz todo sentido!,Positivo
"para mal√°ria √© um comprimido por semana. Para covid ningu√©m sabe se tem resultado, pq n√£o se sabe quanto tempo antes precisaria tomar, √© tudo achismo por enquanto. Fizeram um teste em vitro que deu bom resultado, mas em pessoas pode ser diferente. https://noticias.uol.com.br/ultimas-noticias/ansa/2020/03/30/teste-com-hidroxicloroquina-na-italia-da-resultado-positivo.htm Teste com hidroxicloroquina na It√°lia d√° resultado positivo NOTICIAS.UOL.COM.BR Teste com hidroxicloroquina na It√°lia d√° resultado positivo Teste com hidroxicloroquina na It√°lia d√° resultado positivo",Negativo
"vc me parece estar na meia idade, considere problemas card√≠acos, renais e oculares.",Neutro
N√©,Neutro
https://oglobo.globo.com/mundo/donald-trump-avisa-que-vai-parar-de-tomar-cloroquina-1-24437559 Donald Trump avisa que vai parar de tomar cloroquina OGLOBO.GLOBO.COM Donald Trump avisa que vai parar de tomar cloroquina Donald Trump avisa que vai parar de tomar cloroquina,Neutro
"Ele √© outro controvertido..,Sempre dou um desconto no que ele fala...",Neutro
Depois de TD q senti e ainda sinto eu tomaria v√°rias vezes ao dia,Positivo
"vc, provavelmente, n√£o tem problema renal, card√≠aco e ocular. Se tivesse se preocuparia.",Neutro
"N√£o entendo muito, mas acho desnecess√°rio seria. Igual tomar vitamina sem necessidade ... no caso pior n√©... Eu penso o seguinte se ele precisar n√£o vai fazer efeito ...",Negativo
"Depois do trabalho do Lancet, uma das maiores revistas de medicina, com 96000 pacientes no mundo todo, e que observou que a cloroquina e a hidroxicloroquina n√£o s√≥ s√£o ineficientes, como pioram a chance do paciente sobreviver, podemos deixar a esperan√ß‚Ä¶Ver mais Chloroquine or hydroxychloroquine for COVID-19: why might they be hazardous? THELANCET.COM Chloroquine or hydroxychloroquine for COVID-19: why might they be hazardous? Chloroquine or hydroxychloroquine for COVID-19: why might they be hazardous?",Negativo
estudo fake! Veja o meu v√≠deo.,Positivo
"Um estudo que foi realizado pela FioCruz aqui no Brasil chegou ao mesmo resultado do paper acima. O bra√ßo do estudo com dose maior de cloroquina teve de ser descontinuado prematuramente por efeitos adversos.https://www.medrxiv.org/content/10.1101/2020.04.07.20056424v2 O Brasil j√° ter√° um n√∫mero enorme de mortes nos pr√≥ximos meses gra√ßas a baixa ader√™ncia √†s medidas n√£o-farmac√™uticas. Coeficientes superiores a 1 n√£o s√£o bem-vindos por aqui. Chloroquine diphosphate in two different dosages as adjunctive therapy of hospitalized patients with severe respiratory syndrome in the context of coronavirus (SARS-CoV-2) infection: Preliminary safety results of a randomized, double-blinded,... MEDRXIV.ORG Chloroquine diphosphate in two different dosages as adjunctive therapy of hospitalized patients with severe respiratory syndrome in the context of coronavirus (SARS-CoV-2) infection: Preliminary safety results of a randomized, double-blinded,... Chloroquine diphosphate in two different dosages as adjunctive therapy of hospitalized patients with severe respiratory syndrome in the context of coronavirus (SARS-CoV-2) infection: Preliminary safety results of a randomized, double-blinded,...",Negativo
"https://ciencia.estadao.com.br/noticias/geral,estudo-sobre-cloroquina-na-revista-lancet-e-retirado-do-ar-por-autores,70003324850?utm_source=estadao%3Afacebook&utm_medium=link  Estudo sobre cloroquina na revista 'Lancet' √© retirado do ar por autores - Ci√™ncia - Estad√£o CIENCIA.ESTADAO.COM.BR Estudo sobre cloroquina na revista 'Lancet' √© retirado do ar por autores - Ci√™ncia - Estad√£o Estudo sobre cloroquina na revista 'Lancet' √© retirado do ar por autores - Ci√™ncia - Estad√£o",Negativo
O estudo da Lancet √© fake! Tem v√°rios erros metodol√≥gicos!! Explico tudo neste v√≠deo: https://youtu.be/o2hdDTweis8 FAKE SCIENCE - Estudo da Lancet contra a hidroxicloroquina desmascarado! YOUTUBE.COM FAKE SCIENCE - Estudo da Lancet contra a hidroxicloroquina desmascarado! FAKE SCIENCE - Estudo da Lancet contra a hidroxicloroquina desmascarado!,Negativo
N√£o. N√£o existe relato cient√≠fico de prote√ß√£o pela Cloroquina. Sem contar que j√° possui arritmia.,Negativo
Eu n√£o tomaria nenhum medicamento para preven√ß√£o.Porque tomaria rem√©dio sem estar doente?,Negativo
N√£o!!,Negativo
N√ÉO! N√ÉO E N√ÉO!!!,Negativo
"https://ciencia.estadao.com.br/noticias/geral,estudo-sobre-cloroquina-na-revista-lancet-e-retirado-do-ar-por-autores,70003324850?utm_source=estadao%3Afacebook&utm_medium=link Estudo sobre cloroquina na revista 'Lancet' √© retirado do ar por autores - Ci√™ncia - Estad√£o CIENCIA.ESTADAO.COM.BR Estudo sobre cloroquina na revista 'Lancet' √© retirado do ar por autores - Ci√™ncia - Estad√£o Estudo sobre cloroquina na revista 'Lancet' √© retirado do ar por autores - Ci√™ncia - Estad√£o",Negativo
claro! A ind√∫stria Farmac√™utica n√£o ganha nada com a Cloroquina. Mas agora j√° foi. E o fato de voltarem atr√°s s√≥ releva quem s√£o (desumanos)!,Positivo
Nunca,Negativo